{
  "structure_acronym": "HPF",
  "structure_id": 1089,
  "fit_time": [
    6.569755792617798,
    7.648712158203125,
    7.975477933883667,
    9.103425979614258,
    7.879605054855347,
    8.661020517349243,
    8.559255838394165,
    7.972151041030884,
    7.724120855331421,
    8.507325172424316,
    7.59758448600769,
    8.41036868095398,
    7.6899073123931885,
    8.52802586555481,
    8.095583438873291,
    7.950243949890137,
    7.0280561447143555,
    7.913676500320435,
    7.369972467422485,
    6.480155944824219,
    7.246558427810669,
    8.169647932052612,
    7.516251087188721,
    7.6459245681762695,
    7.360947608947754,
    7.64872932434082,
    8.418649196624756,
    8.034868717193604,
    7.988197088241577,
    7.7985453605651855,
    7.358407735824585,
    7.3000807762146,
    6.919527053833008,
    7.1918158531188965,
    7.904223442077637,
    7.299027442932129,
    7.5868542194366455,
    7.526946783065796,
    7.516474008560181,
    6.973658084869385,
    4.888732194900513,
    4.900009393692017,
    4.243073225021362
  ],
  "score_time": [
    2.228363037109375,
    1.7072975635528564,
    2.060436487197876,
    1.225247859954834,
    1.389686107635498,
    1.2129461765289307,
    1.4654529094696045,
    0.9323036670684814,
    1.9779753684997559,
    1.5205867290496826,
    1.6591782569885254,
    1.5059497356414795,
    1.6175737380981445,
    1.2202510833740234,
    1.2656035423278809,
    1.258047342300415,
    1.5469353199005127,
    1.7315778732299805,
    1.369774341583252,
    1.041710615158081,
    1.456099510192871,
    1.2910354137420654,
    1.4284024238586426,
    1.4177799224853516,
    1.6951282024383545,
    1.6789560317993164,
    1.4727721214294434,
    1.603605031967163,
    1.837925910949707,
    1.4266929626464844,
    1.086789846420288,
    1.4969666004180908,
    2.0394744873046875,
    1.919593095779419,
    1.7287402153015137,
    1.6824595928192139,
    1.3323779106140137,
    1.5280816555023193,
    1.7179489135742188,
    1.3413259983062744,
    0.4593982696533203,
    0.5153062343597412,
    0.724006175994873
  ],
  "test_voxel": [
    -0.01585425566110284,
    -0.013076940632592422,
    -0.036695616417649915,
    -0.004975918544586112,
    -0.00684462730754228,
    -0.01584519985428023,
    -0.007514370293412934,
    -0.008277575877223522,
    -0.01420026444928354,
    -0.013903844216692983,
    -0.022491476468145363,
    -0.00745823111522562,
    -0.01073818726250001,
    -0.026923101511095244,
    -0.009100310488211494,
    -0.008564794519196867,
    -0.027965608884714343,
    -0.020169643812083925,
    -0.028575108455174053,
    -0.01642772786398467,
    -0.03532908454691842,
    -0.008792994555706285,
    -0.030062884994237662,
    -0.012136109635394781,
    -0.04374616922371912,
    -0.032215126360165734,
    -0.012008137962870346,
    -0.00679797168948589,
    -0.0108807704228684,
    -0.04727777347459598,
    -0.009639071955294082,
    -0.01189438628063844,
    -0.012928896281771182,
    -0.00574471182400743,
    -0.007426277379392688,
    -0.010454453587477285,
    -0.01237504074858813,
    -0.021175888711286374,
    -0.010142689190152408,
    -0.02570714154198782,
    -0.0061027496042939874,
    -0.023530182470804212,
    -0.0065085461465501345
  ],
  "train_voxel": [
    -0.005204033334235287,
    -0.005083687782227229,
    -0.004745721226517679,
    -0.005240534669718394,
    -0.0051832500837812176,
    -0.0052339447301367635,
    -0.005158350777669474,
    -0.005187001053112043,
    -0.005072476448361842,
    -0.005311330871374167,
    -0.004947171188093769,
    -0.005259581437225691,
    -0.005084201149437478,
    -0.005153926889966376,
    -0.005115440078135279,
    -0.005169072176740384,
    -0.007681027578263604,
    -0.007905809790952366,
    -0.004881285702168368,
    -0.005064130821133644,
    -0.0080392265406879,
    -0.005177912963128892,
    -0.004701787332353822,
    -0.005258216704158739,
    -0.004989923226650475,
    -0.005134603376823894,
    -0.005063860013585092,
    -0.005176475186938757,
    -0.0051049520445134895,
    -0.005204970938456611,
    -0.005213104884353251,
    -0.005147550757083302,
    -0.004988100500096984,
    -0.005248633446070585,
    -0.005265673306677952,
    -0.005155538426716215,
    -0.005064643938107955,
    -0.005122574714806504,
    -0.005162833281823329,
    -0.005082216856418212,
    -0.005279396113731316,
    -0.005188099221345493,
    -0.005210602638445486
  ],
  "test_regional": [
    -0.0042359152712356405,
    -0.002437193931448756,
    -0.024221637680978875,
    -0.0004536520388061039,
    -0.0005973365945965506,
    -0.0027276453813007114,
    -0.0003043856730306542,
    -0.000368524941711827,
    -0.0026695115746042625,
    -0.004289010804590628,
    -0.003333572019404278,
    -0.0022539360564653005,
    -0.000566938984663334,
    -0.008016901014245365,
    -0.002604205378697445,
    -0.0007442482187753789,
    -0.012498363443081594,
    -0.00549136200865947,
    -0.004850080941363543,
    -0.007565231505112416,
    -0.023424363148508258,
    -0.0014440836033189608,
    -0.007444121177444989,
    -0.005538440116554929,
    -0.035421009616327964,
    -0.006807459162058908,
    -0.0010610500226102644,
    -0.0006527244561201203,
    -0.0014392788162483497,
    -0.012373845307616992,
    -0.0026477317099648646,
    -0.002863005805911336,
    -0.001462013079882604,
    -0.0003794694473360547,
    -0.0003330815020621367,
    -0.0017537989237749155,
    -0.002320296941739822,
    -0.006369874905174705,
    -0.003921416807045772,
    -0.006037976714816913,
    -0.0001145410224266854,
    -0.006755301808879687,
    -0.0002520540229438962
  ],
  "train_regional": [
    -0.001437236646163686,
    -0.0014548696718598261,
    -0.0011962061337367485,
    -0.0014614952096625585,
    -0.001443593296043581,
    -0.0014554208847799243,
    -0.0014483095990888437,
    -0.0014674563862188549,
    -0.001410565397585613,
    -0.0014637069423741496,
    -0.0013730642607502708,
    -0.0014593918978965293,
    -0.001442855550519891,
    -0.0014200626798459711,
    -0.0014054446362101178,
    -0.0014515377608237572,
    -0.0024823100374280977,
    -0.0027291194806367425,
    -0.0013788498610831548,
    -0.0013745929455146776,
    -0.0027668718111933514,
    -0.0014607210862789962,
    -0.0012276911300665428,
    -0.0014489565476055264,
    -0.001206115860615346,
    -0.0014258976775429564,
    -0.0014233022665042473,
    -0.001454704085677374,
    -0.001429941807159514,
    -0.001435403121826024,
    -0.001444702225350075,
    -0.0014116240195929171,
    -0.001393885893282993,
    -0.0014759437493993238,
    -0.0014653261992395924,
    -0.001427143670957576,
    -0.0014080383305006268,
    -0.0014013634285377674,
    -0.001405276300963212,
    -0.0014278988168581685,
    -0.0014698148456368395,
    -0.001431692047978149,
    -0.0014651953205431216
  ]
}