{
  "structure_acronym": "Isocortex",
  "structure_id": 315,
  "fit_time": [
    23.487727642059326,
    25.78283429145813,
    26.65153479576111,
    26.821099758148193,
    26.36715602874756,
    26.80454683303833,
    27.113640069961548,
    25.36118483543396,
    26.927162170410156,
    26.633408069610596,
    27.751675844192505,
    27.503478527069092,
    26.379982709884644,
    27.25028109550476,
    25.52117919921875,
    26.927292346954346,
    26.402992963790894,
    26.508246660232544,
    26.951589345932007,
    27.78539490699768,
    27.85834240913391,
    26.85347628593445,
    26.71411442756653,
    27.79582977294922,
    26.919674396514893,
    27.414551734924316,
    26.23802399635315,
    26.844857931137085,
    26.26515793800354,
    28.662168264389038,
    27.44661045074463,
    26.681528091430664,
    27.653704166412354,
    27.909940481185913,
    27.34785795211792,
    27.421339511871338,
    27.180892944335938,
    26.630041122436523,
    26.16982126235962,
    25.68908977508545,
    27.609039306640625,
    28.32685875892639,
    27.306246519088745,
    28.37298321723938,
    29.05951738357544,
    26.773581743240356,
    26.31208038330078,
    26.675251245498657,
    27.334030628204346,
    27.422848224639893,
    27.183934450149536,
    26.850898504257202,
    27.785051822662354,
    26.930643796920776,
    27.8994357585907,
    27.30165672302246,
    26.61894679069519,
    28.193068742752075,
    26.605998516082764,
    26.900569200515747,
    27.53257989883423,
    26.979321479797363,
    26.695488452911377,
    27.326574325561523,
    27.98985004425049,
    28.32873821258545,
    28.90501070022583,
    27.55816411972046,
    28.16834807395935,
    27.768974542617798,
    26.866226196289062,
    26.12468147277832,
    29.379478693008423,
    28.097804307937622,
    28.731926679611206,
    28.43488335609436,
    28.47722887992859,
    28.374269723892212,
    28.25590753555298,
    27.604677200317383,
    26.47920322418213,
    29.012988090515137,
    27.90173864364624,
    28.40516448020935,
    27.08937120437622,
    27.181236743927002,
    27.390714406967163,
    27.42932152748108,
    27.17465114593506,
    26.799935340881348,
    28.13702154159546,
    29.24725031852722,
    27.52375841140747,
    27.687824249267578,
    27.830822944641113,
    27.85830330848694,
    28.183547019958496,
    29.758476734161377,
    30.576537609100342,
    29.301096200942993,
    30.068170070648193,
    29.503309726715088,
    28.2188937664032,
    28.073208332061768,
    28.890962600708008,
    28.52117133140564,
    27.390792846679688,
    28.455767393112183,
    27.59145712852478,
    28.024126291275024,
    28.32395029067993,
    28.156489372253418,
    16.192821979522705,
    15.19600224494934,
    14.80145525932312,
    14.949676036834717
  ],
  "score_time": [
    2.340073585510254,
    2.256096601486206,
    1.258735179901123,
    2.2694039344787598,
    2.3319878578186035,
    2.0459232330322266,
    2.0314247608184814,
    1.9416580200195312,
    2.1861770153045654,
    2.1574647426605225,
    2.43203067779541,
    1.7829055786132812,
    2.3329920768737793,
    1.733452558517456,
    2.04292893409729,
    1.8280622959136963,
    2.0386545658111572,
    1.7580187320709229,
    2.4313056468963623,
    1.780024766921997,
    1.831460952758789,
    2.0765631198883057,
    1.5344676971435547,
    1.9295275211334229,
    2.134650707244873,
    2.586211919784546,
    1.8745617866516113,
    2.2498741149902344,
    2.0691659450531006,
    2.0679826736450195,
    1.7212505340576172,
    1.6705892086029053,
    2.153974771499634,
    2.2057063579559326,
    1.741257905960083,
    1.8255763053894043,
    1.6875147819519043,
    1.7101881504058838,
    1.9576025009155273,
    1.6428632736206055,
    2.0542335510253906,
    2.1424880027770996,
    2.3845183849334717,
    1.5671653747558594,
    1.9605555534362793,
    1.8434653282165527,
    1.9683597087860107,
    1.7589688301086426,
    2.2578279972076416,
    1.9472622871398926,
    1.9221181869506836,
    2.1947619915008545,
    2.5276882648468018,
    2.273193359375,
    1.7348365783691406,
    1.8949081897735596,
    2.6787922382354736,
    2.071561336517334,
    1.9619266986846924,
    1.9555542469024658,
    2.164510726928711,
    2.0186116695404053,
    1.9331746101379395,
    1.9522016048431396,
    2.0877091884613037,
    2.130084276199341,
    2.791141986846924,
    1.952401876449585,
    2.1483876705169678,
    2.212406635284424,
    2.2174572944641113,
    1.2787065505981445,
    1.928753137588501,
    1.686316967010498,
    1.7950642108917236,
    2.3907594680786133,
    2.5035338401794434,
    1.8104064464569092,
    1.2281622886657715,
    1.5148780345916748,
    2.121746778488159,
    1.9539754390716553,
    2.496141195297241,
    1.8459177017211914,
    2.203474283218384,
    1.9635825157165527,
    1.3366069793701172,
    2.0072414875030518,
    2.092804193496704,
    2.234499931335449,
    2.1168582439422607,
    2.0675275325775146,
    2.0889317989349365,
    1.9457120895385742,
    1.894639253616333,
    1.9068009853363037,
    2.486219644546509,
    2.7751152515411377,
    1.4846673011779785,
    2.0299203395843506,
    1.3244788646697998,
    1.5218780040740967,
    1.8687286376953125,
    1.7144219875335693,
    2.1430933475494385,
    1.948418378829956,
    2.308476686477661,
    2.0180678367614746,
    1.8509609699249268,
    1.8965177536010742,
    1.8789005279541016,
    1.7438812255859375,
    1.226942539215088,
    1.052269697189331,
    0.8053278923034668,
    0.8213751316070557
  ],