{
  "structure_acronym": "MB",
  "structure_id": 313,
  "fit_time": [
    5.9243738651275635,
    6.809047222137451,
    8.033883094787598,
    7.4103662967681885,
    7.492660045623779,
    7.416995286941528,
    7.553941488265991,
    7.751376628875732,
    7.1331024169921875,
    7.885737657546997,
    7.259042263031006,
    7.2994325160980225,
    7.710290431976318,
    7.835692405700684,
    7.1910059452056885,
    7.2998175621032715,
    6.6317737102508545,
    7.834680795669556,
    7.591782569885254,
    8.59318733215332,
    7.492166042327881,
    7.377353668212891,
    8.395961284637451,
    7.950708389282227,
    7.954467058181763,
    7.701171398162842,
    7.969271659851074,
    8.106664657592773,
    8.949337005615234,
    7.8375914096832275,
    8.045907497406006,
    7.127578258514404,
    6.486443281173706,
    7.695440053939819,
    7.485895156860352,
    8.589257955551147,
    8.080543756484985,
    7.858695030212402,
    7.419567346572876,
    6.893372297286987,
    4.956746816635132,
    3.8549323081970215,
    3.6753733158111572
  ],
  "score_time": [
    1.9801609516143799,
    1.6734766960144043,
    1.4324445724487305,
    1.2911992073059082,
    1.3569471836090088,
    0.8269360065460205,
    1.2759079933166504,
    1.0679759979248047,
    1.936751365661621,
    1.4807755947113037,
    1.3551154136657715,
    1.3934857845306396,
    1.34783935546875,
    1.6306087970733643,
    1.3098862171173096,
    1.1011924743652344,
    2.0596704483032227,
    1.4522404670715332,
    1.4814844131469727,
    1.1039483547210693,
    1.2214877605438232,
    1.195554494857788,
    1.0912439823150635,
    1.0072236061096191,
    1.3466410636901855,
    1.48960280418396,
    1.4557058811187744,
    1.7411856651306152,
    1.5311682224273682,
    1.0576770305633545,
    1.150101661682129,
    1.490842580795288,
    1.5689399242401123,
    1.4994473457336426,
    1.5318002700805664,
    1.300405740737915,
    1.2004203796386719,
    0.9874095916748047,
    1.1081295013427734,
    1.587815523147583,
    0.44495725631713867,
    0.44518351554870605,
    0.36187314987182617
  ],
  "test_voxel": [
    -0.010600240456523085,
    -0.019250579663998187,
    -0.019158854610312165,
    -0.014446048672123119,
    -0.012176942043152067,
    -0.01030857068213838,
    -0.014538231799948129,
    -0.011725808964059179,
    -0.010728007316458645,
    -0.011849771065634208,
    -0.00936132679511465,
    -0.012354398149852874,
    -0.01962867351508493,
    -0.015554802131707934,
    -0.023475827835778763,
    -0.019062339977117464,
    -0.011920860807277616,
    -0.02140305601049948,
    -0.019547352947390375,
    -0.01055881658187904,
    -0.018915219887825192,
    -0.020692308800976143,
    -0.01424024487570201,
    -0.008829808876642996,
    -0.0062607832458853535,
    -0.03890850514585534,
    -0.009381482332267968,
    -0.025680315133879375,
    -0.01759641632586539,
    -0.021625894304168582,
    -0.03397476711431978,
    -0.006970311666298652,
    -0.017041364401587947,
    -0.016999663520771185,
    -0.020527504542502142,
    -0.02880583011277133,
    -0.008662924758837613,
    -0.030255866263400846,
    -0.008124656068941666,
    -0.024713554848344317,
    -0.013814316505964501,
    -0.03320470967772148,
    -0.01067452251454705
  ],
  "train_voxel": [
    -0.010144654836202763,
    -0.010034211512014706,
    -0.01023997453203162,
    -0.010211653471479017,
    -0.01017796672934481,
    -0.010201801480382574,
    -0.010177333967256426,
    -0.010173672764081322,
    -0.010327802216073052,
    -0.010166326202814515,
    -0.010220438202900486,
    -0.010134537011998615,
    -0.010168976852563624,
    -0.010208486813209868,
    -0.00995280310180498,
    -0.010153429001088673,
    -0.010100192944484452,
    -0.010197495686122581,
    -0.009988034344624898,
    -0.010296856353189256,
    -0.010252435343937254,
    -0.009990974947135859,
    -0.010083716213325974,
    -0.010188613344939961,
    -0.010269757450779056,
    -0.010136019535851429,
    -0.010283874749331748,
    -0.009899766427490018,
    -0.01011284524331082,
    -0.01015775528653051,
    -0.00992347365776718,
    -0.010338796473497561,
    -0.010025905304151032,
    -0.010158380375539304,
    -0.01012623619248664,
    -0.009935432831160286,
    -0.0102621362073615,
    -0.009821730934067314,
    -0.010230745840388166,
    -0.009962601092847499,
    -0.010175036172698363,
    -0.009785915444833784,
    -0.010209594830032958
  ],
  "test_regional": [
    -0.0015017238571874746,
    -0.01620937166364753,
    -0.004111966007560627,
    -0.0016279834800425148,
    -0.0009273760552857811,
    -0.0009393324566229712,
    -0.0014371510275260223,
    -0.0009447634823349756,
    -0.0012384285218525074,
    -0.0013098473150262348,
    -0.0007817623899466694,
    -0.0008366917263922671,
    -0.0048260475408979245,
    -0.0017850522763108027,
    -0.006204195021670803,
    -0.004305153664880643,
    -0.001564028065918644,
    -0.004669314952234251,
    -0.0019012757710560374,
    -0.0010027144044471076,
    -0.003285593671660547,
    -0.008550939583835567,
    -0.0018790012283411508,
    -0.0012183682995917067,
    -0.000534914077305108,
    -0.01972268272823405,
    -0.0007368079322549538,
    -0.018121983925890015,
    -0.003259599338347889,
    -0.002470183918957987,
    -0.006010500896627553,
    -0.0005123390535571037,
    -0.0027857728233072845,
    -0.0031135569366027536,
    -0.0028628036817624934,
    -0.007262633603572938,
    -0.0012002911610740285,
    -0.020915784844034335,
    -0.0006722911701178474,
    -0.003896703406468223,
    -0.0012199320085923716,
    -0.012039841561688957,
    -0.001262587233168089
  ],
  "train_regional": [
    -0.00244409826163104,
    -0.0022574980677089952,
    -0.002449168106961243,
    -0.002466094227790757,
    -0.002461989800159058,
    -0.0024680472487964723,
    -0.0024580184252546724,
    -0.0024639010863612507,
    -0.0024854605499747017,
    -0.002464448752164954,
    -0.002458055218959397,
    -0.002438102345389755,
    -0.002424128426082192,
    -0.0024617087162066786,
    -0.0023530975751933914,
    -0.002447079462441985,
    -0.00242793117661905,
    -0.0024451800197401786,
    -0.002402111929433494,
    -0.002471452054267646,
    -0.002461091048591869,
    -0.0023040842350215605,
    -0.0024388211855449404,
    -0.0024500568907567574,
    -0.0024747304888490832,
    -0.0023196407616985883,
    -0.0024722770745831506,
    -0.002173453463970747,
    -0.0024316920576897476,
    -0.002453357168266172,
    -0.002385656878929683,
    -0.0024815017046081996,
    -0.0023895666507155315,
    -0.0024398821662499916,
    -0.0024384520342493553,
    -0.00235588514838409,
    -0.002458689167072309,
    -0.002095620558295458,
    -0.002463487779152246,
    -0.0023960064258670417,
    -0.0024630294739729675,
    -0.0022211057493346674,
    -0.0024621084949648874
  ]
}