{
  "structure_acronym": "MY",
  "structure_id": 354,
  "fit_time": [
    5.535234451293945,
    6.5712056159973145,
    5.977313041687012,
    6.162969589233398,
    6.236485004425049,
    7.674736499786377,
    7.34617018699646,
    6.338574171066284,
    6.171753406524658,
    6.442552804946899,
    6.702298879623413,
    7.1740710735321045,
    6.257663726806641,
    7.216211795806885,
    7.078569173812866,
    6.838000535964966,
    6.5726892948150635,
    7.08402156829834,
    6.88114070892334,
    6.889647006988525,
    6.7952330112457275,
    6.5914506912231445,
    6.820165395736694,
    6.238772392272949,
    7.346787929534912,
    6.053691148757935,
    7.275726079940796,
    6.539578676223755,
    6.419279098510742,
    6.8209755420684814,
    6.661860704421997,
    6.8801493644714355,
    5.6875762939453125,
    6.585335731506348,
    6.750926733016968,
    6.908948659896851,
    6.511752367019653,
    5.32560658454895,
    5.888022184371948
  ],
  "score_time": [
    2.0223159790039062,
    1.684946060180664,
    0.9980556964874268,
    1.1622412204742432,
    1.4698009490966797,
    0.8554661273956299,
    0.7885246276855469,
    1.2444534301757812,
    1.6083993911743164,
    1.5885217189788818,
    1.4137425422668457,
    1.808790922164917,
    1.059434175491333,
    1.1629793643951416,
    1.040541648864746,
    1.4710373878479004,
    1.3714962005615234,
    1.6792347431182861,
    1.387005090713501,
    1.803900957107544,
    1.1453626155853271,
    1.4020347595214844,
    1.2246816158294678,
    0.9806380271911621,
    1.709932804107666,
    1.3220837116241455,
    1.414663314819336,
    1.3595325946807861,
    1.5582895278930664,
    1.1516919136047363,
    1.3996450901031494,
    1.0833256244659424,
    1.9748830795288086,
    1.231271743774414,
    1.187319040298462,
    1.4158737659454346,
    0.8277685642242432,
    0.9085392951965332,
    0.705925464630127
  ],
  "test_voxel": [
    -0.02371849427835968,
    -0.012148816406611078,
    -0.012279241865877304,
    -0.014695015906487943,
    -0.016040930102080506,
    -0.016204458907657374,
    -0.011414036715338284,
    -0.011157182904033686,
    -0.01537867040883302,
    -0.029503116560855226,
    -0.02178115590389926,
    -0.023860812384688644,
    -0.012566161938471633,
    -0.020551463050404877,
    -0.013470237004877634,
    -0.0108970454060306,
    -0.011737080691613113,
    -0.014960218521504186,
    -0.00889032128404782,
    -0.013250021609371802,
    -0.01832001768542932,
    -0.022671912434788007,
    -0.011002788783928545,
    -0.008707830427173815,
    -0.02625227778350733,
    -0.03232007961734862,
    -0.013238032601980431,
    -0.011238651868295285,
    -0.01955616105737958,
    -0.01382002989705429,
    -0.010689669806579906,
    -0.01105657509736094,
    -0.020239905130914126,
    -0.00747604387164574,
    -0.010302501439208389,
    -0.009983323210082561,
    -0.01628436588393813,
    -0.032876043776307526,
    -0.02379610422614274
  ],
  "train_voxel": [
    -0.0104148125369378,
    -0.01062505790480625,
    -0.010595672552481523,
    -0.010426395759926713,
    -0.010348521444690555,
    -0.01040394177500333,
    -0.010520692169241123,
    -0.010615347578216684,
    -0.010374449645615014,
    -0.01021495113207874,
    -0.010362204386887302,
    -0.01023427461084071,
    -0.01048071863827306,
    -0.010250944663577833,
    -0.010536310986107201,
    -0.010643766191619492,
    -0.010498799480163978,
    -0.010481156273587115,
    -0.010532541605877481,
    -0.010464837036396954,
    -0.010525318899866043,
    -0.010513180882022088,
    -0.01055010058641123,
    -0.010548047273351834,
    -0.01074909904603353,
    -0.010133739477743134,
    -0.010513428332609275,
    -0.010505611778288227,
    -0.010313856130300099,
    -0.010480591087839546,
    -0.010660037483149955,
    -0.010584675495074702,
    -0.010320497877618217,
    -0.010576138832316692,
    -0.010600460033937482,
    -0.010660860681168961,
    -0.010391814796928257,
    -0.01037881541440071,
    -0.010168560454883565
  ],
  "test_regional": [
    -0.002759775631233307,
    -0.0016270790523758344,
    -0.0009892518674181892,
    -0.0023358931550414414,
    -0.003677817333089499,
    -0.0017200363609466715,
    -0.0018923919850851673,
    -0.0012199805332327345,
    -0.0033662934136569223,
    -0.005436711576790592,
    -0.0034085230647396924,
    -0.004760448581852819,
    -0.0012325848523731795,
    -0.0027124443610492513,
    -0.0014710313472675793,
    -0.002082907728004419,
    -0.0010941798167481576,
    -0.0016389234298199774,
    -0.00036110091857138757,
    -0.0012538566095475921,
    -0.001118979412927919,
    -0.005320822461149349,
    -0.001102848242055008,
    -0.0007909330875319423,
    -0.0043050917772139525,
    -0.004382912082670395,
    -0.001045167440200879,
    -0.0006585544097328301,
    -0.0038323307821413652,
    -0.0022123499821795614,
    -0.001200302780319883,
    -0.0010778261911951316,
    -0.0030679145970496048,
    -0.0005862050096571415,
    -0.0008546400688908091,
    -0.0008955105991903319,
    -0.0026303604722569584,
    -0.004711581978051816,
    -0.003322040735336242
  ],
  "train_regional": [
    -0.001471539486184074,
    -0.0014918961741927643,
    -0.001506956123304778,
    -0.0014534731638944879,
    -0.0014080458184534271,
    -0.0014727086361544831,
    -0.0014718026362229959,
    -0.0015035683884674779,
    -0.0014270821776356324,
    -0.0014176050419562288,
    -0.0014577074006206776,
    -0.0014068267658523149,
    -0.0014802244470404572,
    -0.0014381514401859087,
    -0.0014905163076545846,
    -0.0014852437534079554,
    -0.0014850279814620602,
    -0.0014843351031277052,
    -0.0014965168329428538,
    -0.001477654547164133,
    -0.0015066944398904698,
    -0.0014507382901763966,
    -0.0014903407781623713,
    -0.0014876955168834907,
    -0.0015074364725587096,
    -0.0014229440676289367,
    -0.001494176840241602,
    -0.0014887462064748682,
    -0.0014191526095270546,
    -0.001466392474887527,
    -0.0015062084424134737,
    -0.0015017901538124034,
    -0.0014549500065086718,
    -0.0014960874043175698,
    -0.0015075027123091494,
    -0.0015072160527954067,
    -0.0014548266767357492,
    -0.0014709321064457304,
    -0.0014136712708583568
  ]
}