{
  "structure_acronym": "PAL",
  "structure_id": 803,
  "fit_time": [
    0.5664186477661133,
    0.7786123752593994,
    0.777799129486084,
    0.9554829597473145,
    0.9178166389465332,
    0.9404006004333496,
    0.8569040298461914
  ],
  "score_time": [
    0.6617844104766846,
    0.6260628700256348,
    0.632880687713623,
    0.5364136695861816,
    0.5439820289611816,
    0.46607041358947754,
    0.5284175872802734
  ],
  "test_voxel": [
    -0.0169353036189264,
    -0.01647909249886344,
    -0.014088404089194081,
    -0.015807329223420357,
    -0.03502059763031198,
    -0.012371827699808139,
    -0.011812881774832498
  ],
  "train_voxel": [
    -0.005934993218671492,
    -0.005204200213475015,
    -0.008846390968252326,
    -0.009134356424120008,
    -0.005942256121993887,
    -0.006874734538572351,
    -0.006290567349132836
  ],
  "test_regional": [
    -0.0015903131067159604,
    -0.002626348415752434,
    -0.007947127510138012,
    -0.0026010010399950523,
    -0.026654768369456534,
    -0.0011177484183877197,
    -0.0013858331518622413
  ],
  "train_regional": [
    -0.0021013890168369628,
    -0.0014923295643339063,
    -0.0028396518020168803,
    -0.003537671835064964,
    -0.0008931262110615291,
    -0.0021608173079548207,
    -0.0018825196621134821
  ]
}