{
  "structure_acronym": "STR",
  "structure_id": 477,
  "fit_time": [
    3.3253190517425537,
    3.4822213649749756,
    3.9890353679656982,
    4.1700804233551025,
    3.874040365219116,
    4.012673616409302,
    4.059914827346802,
    4.32762885093689,
    3.9512667655944824,
    3.990269184112549,
    3.936267375946045,
    4.17280650138855,
    4.058642387390137,
    3.97936749458313,
    4.224356412887573,
    4.146084547042847,
    3.8207569122314453,
    3.8192930221557617,
    4.049960136413574,
    3.970609426498413,
    4.275985479354858,
    4.1604063510894775,
    4.004309415817261,
    3.879345417022705
  ],
  "score_time": [
    1.2706990242004395,
    1.1650676727294922,
    0.9075489044189453,
    0.9276747703552246,
    1.0098977088928223,
    0.8665938377380371,
    0.8718578815460205,
    0.8950173854827881,
    1.1318466663360596,
    1.0601749420166016,
    1.1277024745941162,
    0.9177711009979248,
    0.8182215690612793,
    1.004957675933838,
    0.776862382888794,
    0.7605209350585938,
    1.1815845966339111,
    1.1355600357055664,
    0.9099094867706299,
    0.8349213600158691,
    1.02726149559021,
    0.9604568481445312,
    0.79703688621521,
    0.7987747192382812
  ],
  "test_voxel": [
    -0.0152215266793707,
    -0.01966101513813975,
    -0.025031955935645733,
    -0.01774365452792464,
    -0.009552134217167047,
    -0.013720304363306523,
    -0.02322184226125182,
    -0.007474838810389847,
    -0.017232710770463153,
    -0.01779625514251212,
    -0.009987210430083843,
    -0.01445690665099909,
    -0.006667810973188779,
    -0.0261418311315669,
    -0.019741290482196024,
    -0.015165252431238433,
    -0.0065057819938277445,
    -0.01077345182744965,
    -0.009729125365228356,
    -0.010032675206868368,
    -0.012915201616005989,
    -0.006389819365070588,
    -0.011165964032347145,
    -0.033202631085240686
  ],
  "train_voxel": [
    -0.007993625622329666,
    -0.009700477676684055,
    -0.00734414037996144,
    -0.008025023244962909,
    -0.01006206740551396,
    -0.00988938288347475,
    -0.00735312079963886,
    -0.00807794380874548,
    -0.007578832880896196,
    -0.0076501470071914605,
    -0.007866736670894388,
    -0.007984885840868839,
    -0.007947080330666796,
    -0.0074288596420718726,
    -0.009806173905473576,
    -0.009924745635280927,
    -0.007956565206953174,
    -0.00808275520546194,
    -0.008029098514192907,
    -0.010132217389002305,
    -0.009968466418783947,
    -0.007993679768927656,
    -0.009995165288696298,
    -0.009450569242118364
  ],
  "test_regional": [
    -0.0022666495427492556,
    -0.009143030229285722,
    -0.014872974418619086,
    -0.006300532639278023,
    -0.0026510868333269773,
    -0.0032302392077245383,
    -0.009202718061372628,
    -0.0006093033619659524,
    -0.0029499629441489582,
    -0.005979906566728208,
    -0.004702666809512482,
    -0.001367434540512952,
    -0.0007017249308240759,
    -0.005793307854814769,
    -0.00546899837580045,
    -0.003968393893992441,
    -0.0004733426196301651,
    -0.002468900290340498,
    -0.001686100376159523,
    -0.003293305659612345,
    -0.0036022485168116136,
    -0.0005790238217030395,
    -0.0029893232008096422,
    -0.009374190431222966
  ],
  "train_regional": [
    -0.002333933400665766,
    -0.0027676079139129857,
    -0.001864909797670813,
    -0.00228689154509165,
    -0.002996272368608469,
    -0.002957154598363961,
    -0.0020247119144323534,
    -0.00238009906762068,
    -0.0022303754318490155,
    -0.002158887462396963,
    -0.0021904230113670214,
    -0.002363551860161401,
    -0.002315264920198424,
    -0.00218259997126475,
    -0.0029198848390322805,
    -0.0029444166893390794,
    -0.0023326470600063816,
    -0.0023633494194344393,
    -0.0023614741101848184,
    -0.002974228737898609,
    -0.0029633797372573107,
    -0.002344187190508678,
    -0.0029854202969434654,
    -0.002816650802541238
  ]
}