{
  "structure_acronym": "CB",
  "structure_id": 512,
  "fit_time": [
    0.020209550857543945,
    0.021847248077392578,
    0.03429245948791504,
    0.023592472076416016,
    0.025545597076416016,
    0.04673504829406738,
    0.039270639419555664,
    0.044492483139038086,
    0.02351069450378418,
    0.028561830520629883,
    0.015871047973632812,
    0.029804706573486328,
    0.014297246932983398,
    0.02186417579650879,
    0.01990795135498047
  ],
  "score_time": [
    0.7686989307403564,
    0.7723124027252197,
    0.7933461666107178,
    0.8744304180145264,
    0.654059886932373,
    0.6720848083496094,
    0.7036006450653076,
    0.7561986446380615,
    0.6652383804321289,
    0.6743960380554199,
    0.7856094837188721,
    0.5912528038024902,
    0.5632586479187012,
    0.7291505336761475,
    0.611605167388916
  ],
  "test_voxel": [
    -0.04159095592816407,
    -0.044796788904380755,
    -0.04410808669515689,
    -0.03782346697012534,
    -0.043620635920180804,
    -0.04547376288917259,
    -0.04348921026047354,
    -0.04263523226163007,
    -0.04427776858032059,
    -0.038545309984170106,
    -0.04461419943193812,
    -0.043214017050148885,
    -0.04065828526934704,
    -0.043936221809074756,
    -0.03872181575512988
  ],
  "train_voxel": [
    -0.039801806141902075,
    -0.03923242919040331,
    -0.03925364293892504,
    -0.03826493471208624,
    -0.039602595709512176,
    -0.0391641760007151,
    -0.03839690817365013,
    -0.03692151624932912,
    -0.03904565582609643,
    -0.038592759949875266,
    -0.03690057998179332,
    -0.03961841646782924,
    -0.03901818066587441,
    -0.03881968998844944,
    -0.0302845334739354
  ],
  "test_regional": [
    -0.014790197214738732,
    -0.016008374084550345,
    -0.016165527948698702,
    -0.012869473366361853,
    -0.014414797551471173,
    -0.01735000549104072,
    -0.01468467523435333,
    -0.012250546292633283,
    -0.01677846652275488,
    -0.009864597096934527,
    -0.013130149617863983,
    -0.015139717513679941,
    -0.012911440206657769,
    -0.017578828893573064,
    -0.010409869107725013
  ],
  "train_regional": [
    -0.014042254998012049,
    -0.013959102068354403,
    -0.013790790764360468,
    -0.013920621538125186,
    -0.013865894574417573,
    -0.013848137684517243,
    -0.012987093602846613,
    -0.013380393959497056,
    -0.013677795206613854,
    -0.013448996024787836,
    -0.013402690511975221,
    -0.01408003424137808,
    -0.013518484281919792,
    -0.013974016658349181,
    -0.011297286800578265
  ]
}