{
  "structure_acronym": "CTXsp",
  "structure_id": 703,
  "fit_time": [
    0.011898994445800781,
    0.01363229751586914,
    0.018618345260620117,
    0.02033543586730957,
    0.013006925582885742,
    0.028505563735961914,
    0.013783454895019531,
    0.01560664176940918
  ],
  "score_time": [
    0.5076980590820312,
    0.8288924694061279,
    0.7264387607574463,
    0.8403306007385254,
    0.5939812660217285,
    0.790349006652832,
    0.6592741012573242,
    0.6894187927246094
  ],
  "test_voxel": [
    -0.0718171373574248,
    -0.07763703621675215,
    -0.05510454580365297,
    -0.11858776035720812,
    -0.08335711481897806,
    -0.10467393763889098,
    -0.05843123794169486,
    -0.048742295990039236
  ],
  "train_voxel": [
    -0.0628213152161308,
    -0.06995069480873828,
    -0.07206164082684612,
    -0.06330630705284239,
    -0.06779157485386067,
    -0.06710702950843121,
    -0.05555146538825166,
    -0.07448771797056282
  ],
  "test_regional": [
    -0.021913667981085592,
    -0.09922655581888212,
    -0.04663386302316909,
    -0.14152440999904536,
    -0.1057526849088209,
    -0.1319937078708968,
    -0.024866894441720265,
    -0.03472049775663634
  ],
  "train_regional": [
    -0.07033081058358924,
    -0.07491917545782953,
    -0.08045362107820123,
    -0.068306191676889,
    -0.07360136557654617,
    -0.0697910044675152,
    -0.05163138881555731,
    -0.08344673874280248
  ]
}