{
  "structure_acronym": "HPF",
  "structure_id": 1089,
  "fit_time": [
    0.041033029556274414,
    0.08300375938415527,
    0.05878424644470215,
    0.08750510215759277,
    0.07607841491699219,
    0.1381211280822754,
    0.11475443840026855,
    0.21041464805603027,
    0.09807181358337402,
    0.05770063400268555,
    0.09196233749389648,
    0.17963504791259766,
    0.06262612342834473,
    0.11043763160705566,
    0.06047463417053223,
    0.13593339920043945,
    0.057135581970214844,
    0.07683467864990234,
    0.20767784118652344,
    0.09903740882873535,
    0.21760082244873047,
    0.06989860534667969,
    0.08072328567504883,
    0.0830698013305664,
    0.1566932201385498,
    0.0485224723815918,
    0.14812231063842773,
    0.09698915481567383,
    0.08596301078796387,
    0.0697019100189209,
    0.09480619430541992,
    0.10237574577331543,
    0.06670141220092773,
    0.10092568397521973,
    0.07099318504333496,
    0.16076421737670898,
    0.11742377281188965,
    0.07956862449645996,
    0.11857485771179199,
    0.07105374336242676,
    0.08186221122741699,
    0.11854362487792969,
    0.06720852851867676
  ],
  "score_time": [
    0.5380666255950928,
    0.6603543758392334,
    0.5757248401641846,
    0.9188017845153809,
    0.9425032138824463,
    0.9651434421539307,
    0.8751697540283203,
    0.6526758670806885,
    0.8187179565429688,
    0.771369457244873,
    0.8759946823120117,
    0.818321943283081,
    0.9793643951416016,
    0.9875164031982422,
    0.8197319507598877,
    0.845684289932251,
    0.6226904392242432,
    0.6392631530761719,
    1.0916180610656738,
    1.1019341945648193,
    0.8433942794799805,
    0.8945271968841553,
    1.1846518516540527,
    0.845649242401123,
    0.6355812549591064,
    0.652033805847168,
    1.053421974182129,
    0.8889741897583008,
    0.8759427070617676,
    1.0407962799072266,
    0.910193681716919,
    0.8832459449768066,
    0.5599546432495117,
    0.7755327224731445,
    0.9873871803283691,
    0.8273897171020508,
    0.8670141696929932,
    0.9209108352661133,
    0.8089256286621094,
    0.8723301887512207,
    0.7544891834259033,
    0.589414119720459,
    0.7320597171783447
  ],
  "test_voxel": [
    -0.14997517673135738,
    -0.13033302301639818,
    -0.058966693055408144,
    -0.13348485291176954,
    -0.13740709584667998,
    -0.13195792137008788,
    -0.1377197959255142,
    -0.1468345881296513,
    -0.13791792352932405,
    -0.14312345693249082,
    -0.06427224167072405,
    -0.13480730014537531,
    -0.09817346494371716,
    -0.1534323355127097,
    -0.14845674832420805,
    -0.13254481062352005,
    -0.11644684182563225,
    -0.10655839258498959,
    -0.06318468257322038,
    -0.15535716334156013,
    -0.057188681525037074,
    -0.1411037147739551,
    -0.06111525964027571,
    -0.12585147222846574,
    -0.15010349000867787,
    -0.07413740866199009,
    -0.09202470589158689,
    -0.14210258992973768,
    -0.10211740484289601,
    -0.11564403841623071,
    -0.12807663848379122,
    -0.08525381499749796,
    -0.12058611118248136,
    -0.1507434611893347,
    -0.15285865681988287,
    -0.12992592377802661,
    -0.08392895491339962,
    -0.07492109175015434,
    -0.13895412207034188,
    -0.06888050169632104,
    -0.1334834849463106,
    -0.13077488465466683,
    -0.15237642656263103
  ],
  "train_voxel": [
    -0.11787440624645314,
    -0.11884523246304915,
    -0.11295923895604636,
    -0.11934108816364208,
    -0.11920800148900476,
    -0.11840566962514802,
    -0.11910128927775687,
    -0.11881970497474581,
    -0.11911017005689012,
    -0.1189199194232297,
    -0.11930784766638378,
    -0.11934501882976445,
    -0.12000735726234359,
    -0.11666706121660575,
    -0.11895430149062795,
    -0.1191354643776719,
    -0.1185194849337138,
    -0.11969337766313796,
    -0.11695513983518828,
    -0.11901749440119247,
    -0.1172278528228237,
    -0.11920201333975967,
    -0.1175277200005547,
    -0.119427659089427,
    -0.1191456881753507,
    -0.11869446945414906,
    -0.11995092639836272,
    -0.11904404370557845,
    -0.1200333686777449,
    -0.11722658040787606,
    -0.11937747311832217,
    -0.1205324153792193,
    -0.11978762023925689,
    -0.11899721729450524,
    -0.1187808121593824,
    -0.11937786349348622,
    -0.12045007685669717,
    -0.11994631005229148,
    -0.11843586386594115,
    -0.11768553698568528,
    -0.1190839471054283,
    -0.11919418603116963,
    -0.11878545645730747
  ],
  "test_regional": [
    -0.14149448651097657,
    -0.12948310833472917,
    -0.028998984774833574,
    -0.1306768432087939,
    -0.13700160606819067,
    -0.11040688251465551,
    -0.1337780136836335,
    -0.14618693847699601,
    -0.13446881290146512,
    -0.13929550274602578,
    -0.02717416931533254,
    -0.13233507983933387,
    -0.08665345167154284,
    -0.15120053420050644,
    -0.14355827712391847,
    -0.13065831214900886,
    -0.11998579858368168,
    -0.1117822303848462,
    -0.02164933092997434,
    -0.15742230710674152,
    -0.020358334566031224,
    -0.1436466636525814,
    -0.03317602956422147,
    -0.1248383035513672,
    -0.15103545129481497,
    -0.036602106360975925,
    -0.07412048512422355,
    -0.14078818160636644,
    -0.09030115699412294,
    -0.11116026345193654,
    -0.1263332252867359,
    -0.0736697373134008,
    -0.11361040050657152,
    -0.15170449400343924,
    -0.15530795329571342,
    -0.12929196527943992,
    -0.07805811046955889,
    -0.04545563886522786,
    -0.13148006137730534,
    -0.03302146388918935,
    -0.1293039535246999,
    -0.12774814914564994,
    -0.15236605514909551
  ],
  "train_regional": [
    -0.11104126270306118,
    -0.11249297321174076,
    -0.10367222941247024,
    -0.11261550520036827,
    -0.11245207305165424,
    -0.11124854830168592,
    -0.1125526380961969,
    -0.11225173627754265,
    -0.1123963574858513,
    -0.11225461779228631,
    -0.1125426620175162,
    -0.11261741683823881,
    -0.11355977828348739,
    -0.11152058943313081,
    -0.1122773806720164,
    -0.11242857359985536,
    -0.11271759967991843,
    -0.11308646018807174,
    -0.11015449658215999,
    -0.11218561018119348,
    -0.10995656190335504,
    -0.11245337527928745,
    -0.11115445525200339,
    -0.112702623216643,
    -0.11234526141291147,
    -0.11109908740412563,
    -0.11359920119397134,
    -0.11228623655529248,
    -0.11358287739334108,
    -0.11222907054187481,
    -0.11264427694640809,
    -0.11403687388788541,
    -0.11321850782669712,
    -0.11224907038585544,
    -0.11205272265336393,
    -0.11255183785503306,
    -0.11387955836512069,
    -0.11366357943352612,
    -0.11151704318339627,
    -0.10853441768406676,
    -0.11238891435697929,
    -0.11267674618014453,
    -0.11210258562265583
  ]
}