{
  "structure_acronym": "OLF",
  "structure_id": 698,
  "fit_time": [
    0.01745152473449707,
    0.018185138702392578,
    0.028099775314331055,
    0.030102968215942383,
    0.02898883819580078,
    0.03808712959289551,
    0.06480860710144043,
    0.04001212120056152,
    0.05784034729003906,
    0.03296041488647461,
    0.052431344985961914,
    0.032262325286865234,
    0.026005029678344727,
    0.055199384689331055,
    0.03047657012939453,
    0.07237839698791504,
    0.02611517906188965
  ],
  "score_time": [
    0.5695867538452148,
    0.8456974029541016,
    0.7091407775878906,
    0.7353765964508057,
    0.6898353099822998,
    0.7911701202392578,
    0.6683454513549805,
    0.6200437545776367,
    0.789747953414917,
    0.6795098781585693,
    0.821028470993042,
    0.7554643154144287,
    0.6851241588592529,
    0.6370675563812256,
    0.6468856334686279,
    0.6604750156402588,
    0.5195682048797607
  ],
  "test_voxel": [
    -0.08027561495348993,
    -0.048972593932717176,
    -0.04367353993868582,
    -0.04396085361715147,
    -0.08508802693226422,
    -0.059306279657011275,
    -0.06950424877781973,
    -0.043742613683891575,
    -0.04420097105014059,
    -0.0910823140776288,
    -0.06021039418908935,
    -0.053213391480925125,
    -0.04020721859273434,
    -0.04270428617270187,
    -0.055955380908748686,
    -0.040803746628824536,
    -0.06576939198269044
  ],
  "train_voxel": [
    -0.05385086606905155,
    -0.05587536354970847,
    -0.055311799359921865,
    -0.05504237871348426,
    -0.052730258995557486,
    -0.05448925422019584,
    -0.05421036522221366,
    -0.05403535198994526,
    -0.05357333941161935,
    -0.050601956965058544,
    -0.053227268568309935,
    -0.05510696096180439,
    -0.05517895973223671,
    -0.05387166708809572,
    -0.052817520839330084,
    -0.05489253033124841,
    -0.0542252101805356
  ],
  "test_regional": [
    -0.07719248341800494,
    -0.03556203838452302,
    -0.02740518049965252,
    -0.02190718164929846,
    -0.06541807229045139,
    -0.056807516790853246,
    -0.05174942521833714,
    -0.02873047594818121,
    -0.021395676535183088,
    -0.07350730016328604,
    -0.038493729645372184,
    -0.04049531842603194,
    -0.025310313476248257,
    -0.03758317681586895,
    -0.05258793083585261,
    -0.025433363790196614,
    -0.059523718295896935
  ],
  "train_regional": [
    -0.04232072084399821,
    -0.0444269301605951,
    -0.04419384993544903,
    -0.042106948872630424,
    -0.04186796804340634,
    -0.04352755279512449,
    -0.04324667156640423,
    -0.04307518585395733,
    -0.04097706022392809,
    -0.04068330016117655,
    -0.04014076180079327,
    -0.044148922810589436,
    -0.04389949737095386,
    -0.04212142318504084,
    -0.04255941994459089,
    -0.0440105092528745,
    -0.04333703969998774
  ]
}