{
  "structure_acronym": "P",
  "structure_id": 771,
  "fit_time": [
    0.019183874130249023,
    0.019982576370239258,
    0.030210018157958984,
    0.04381275177001953,
    0.030500411987304688,
    0.03626680374145508,
    0.035813331604003906,
    0.02856159210205078,
    0.030397415161132812,
    0.01620650291442871,
    0.033423423767089844,
    0.014234304428100586,
    0.023456573486328125,
    0.016599655151367188,
    0.028741121292114258
  ],
  "score_time": [
    0.6478626728057861,
    0.8402414321899414,
    0.5959501266479492,
    0.7824094295501709,
    0.6763496398925781,
    0.7108936309814453,
    0.7007722854614258,
    0.7507293224334717,
    0.9174838066101074,
    0.712890625,
    0.6350340843200684,
    0.672964334487915,
    0.47381162643432617,
    0.622582197189331,
    0.6354401111602783
  ],
  "test_voxel": [
    -0.06697311421194461,
    -0.07627618931659791,
    -0.04774382389916771,
    -0.061367791313632604,
    -0.07919728949343582,
    -0.08260523197068613,
    -0.060940579634882974,
    -0.05636864199833691,
    -0.09851785666168025,
    -0.07018298758427774,
    -0.05921685556135562,
    -0.08019011156081772,
    -0.06975525801495404,
    -0.06120273750046639,
    -0.09254258443175836
  ],
  "train_voxel": [
    -0.06690060059091343,
    -0.06770793119893792,
    -0.06543893353518375,
    -0.06350765861867834,
    -0.06669664488835268,
    -0.06651910580426548,
    -0.06888044377075797,
    -0.06746187937306444,
    -0.06526088316819215,
    -0.06576727310382877,
    -0.06881385615766342,
    -0.06417386333498382,
    -0.06735747074628182,
    -0.06605902893140399,
    -0.06688007625101396
  ],
  "test_regional": [
    -0.01646186341209013,
    -0.025587123803709987,
    -0.009110544788126701,
    -0.01759008940040174,
    -0.025724918869196582,
    -0.03092897845467163,
    -0.024308459934554705,
    -0.016567239916540463,
    -0.03470276120014849,
    -0.016402263943948052,
    -0.024245823805325212,
    -0.026258324448469754,
    -0.024688298065225812,
    -0.020450867693739896,
    -0.0340643808882958
  ],
  "train_regional": [
    -0.02286717964779349,
    -0.022337722988526036,
    -0.021012885695306082,
    -0.02235034269721573,
    -0.022160240533888504,
    -0.022631918803070226,
    -0.023289793485305663,
    -0.02310588027033792,
    -0.022233201547466382,
    -0.021483407220445117,
    -0.02311235594947477,
    -0.02165301054093285,
    -0.023006432041852556,
    -0.02138270475012928,
    -0.022793439569848518
  ]
}