{
  "structure_acronym": "P",
  "structure_id": 771,
  "fit_time": [
    0.022334575653076172,
    0.04868364334106445,
    0.03781580924987793,
    0.05311179161071777,
    0.04058241844177246,
    0.05011630058288574,
    0.037343502044677734,
    0.02487325668334961,
    0.020649433135986328,
    0.03132128715515137,
    0.03354907035827637,
    0.027582168579101562,
    0.03838348388671875,
    0.03411579132080078,
    0.018053293228149414,
    0.018808603286743164
  ],
  "score_time": [
    0.49248766899108887,
    0.8541321754455566,
    0.7386338710784912,
    0.7802329063415527,
    0.7422192096710205,
    0.8563029766082764,
    0.8458390235900879,
    0.5836904048919678,
    0.6771068572998047,
    0.6434085369110107,
    0.5967962741851807,
    0.7157340049743652,
    0.7509586811065674,
    0.7043108940124512,
    0.6419694423675537,
    0.6073639392852783
  ],
  "test_voxel": [
    -0.0877478408581757,
    -0.09709309760720283,
    -0.06239102957183381,
    -0.08283778306230387,
    -0.09911322757620569,
    -0.10173267138198336,
    -0.08162812290421384,
    -0.11161799986415187,
    -0.0772885077240593,
    -0.11907715977052022,
    -0.09103590192736143,
    -0.07943298292022034,
    -0.09497332314057401,
    -0.08976619597540095,
    -0.08035787615128019,
    -0.11365750348512256
  ],
  "train_voxel": [
    -0.08681748946913415,
    -0.08764955738578274,
    -0.08669188864033897,
    -0.08295849417711887,
    -0.08689103663980043,
    -0.08702454745218131,
    -0.08876354794303601,
    -0.06766265261087004,
    -0.08724014816467193,
    -0.08550589082564601,
    -0.08556751641421738,
    -0.0888138638063399,
    -0.08613760761198602,
    -0.08758003570408894,
    -0.08638847981695598,
    -0.08688211653957179
  ],
  "test_regional": [
    -0.032553640650820705,
    -0.041559784932325906,
    -0.019895421375305245,
    -0.033541345197187704,
    -0.04115518526312824,
    -0.04654353815654864,
    -0.04075631575607035,
    -0.04207133525047376,
    -0.03264588262653035,
    -0.05016735378530868,
    -0.032664703409014985,
    -0.04004553019235745,
    -0.03833774523691202,
    -0.040755803246015944,
    -0.03495054144074342,
    -0.05053321189433784
  ],
  "train_regional": [
    -0.03748474699344976,
    -0.03697923315166283,
    -0.036384949744317906,
    -0.03693474335288639,
    -0.03692023245848675,
    -0.037519510014217015,
    -0.03800390919992638,
    -0.023089429739667607,
    -0.03772293447603908,
    -0.03692178415884201,
    -0.03599698156155999,
    -0.037889304889478545,
    -0.03693187166667051,
    -0.03774630043681098,
    -0.03601168278005968,
    -0.03752868967664112
  ]
}