{
  "structure_acronym": "PAL",
  "structure_id": 803,
  "fit_time": [
    0.013287782669067383,
    0.013963699340820312,
    0.014178276062011719,
    0.017838478088378906,
    0.020682811737060547,
    0.01483774185180664,
    0.018036603927612305,
    0.024350404739379883,
    0.014027595520019531,
    0.03539109230041504
  ],
  "score_time": [
    0.8117194175720215,
    0.7976565361022949,
    0.8400454521179199,
    0.6669251918792725,
    0.7351996898651123,
    0.7160847187042236,
    0.6004924774169922,
    0.670642614364624,
    0.45252490043640137,
    0.33809709548950195
  ],
  "test_voxel": [
    -0.09602062116366755,
    -0.08690737344671724,
    -0.09866978307810255,
    -0.08345283228779496,
    -0.09220576935223916,
    -0.04457985161986799,
    -0.08061506930313901,
    -0.07871178506165655,
    -0.0938021620382664,
    -0.06809640726742522
  ],
  "train_voxel": [
    -0.0688766953998614,
    -0.07586031951212058,
    -0.07549840320336662,
    -0.07626645273859066,
    -0.07597604516113383,
    -0.07316888599323164,
    -0.07068511058660958,
    -0.07834916911700084,
    -0.07679010115353781,
    -0.07128226544267767
  ],
  "test_regional": [
    -0.05635524637835468,
    -0.07511999122233697,
    -0.07558602215034838,
    -0.062170791224655936,
    -0.079619292321832,
    -0.031065509471586917,
    -0.03946341924253757,
    -0.05825479038761949,
    -0.0656786123514259,
    -0.05571540582485599
  ],
  "train_regional": [
    -0.049179292545335936,
    -0.05756813881753495,
    -0.05791994292891864,
    -0.05601156665782385,
    -0.05752083436292931,
    -0.05446172752581814,
    -0.04861304893090043,
    -0.05985826462431897,
    -0.059108958234712114,
    -0.05371464658668686
  ]
}