{
  "structure_acronym": "TH",
  "structure_id": 549,
  "fit_time": [
    0.037250518798828125,
    0.08589053153991699,
    0.06380295753479004,
    0.08323454856872559,
    0.07185935974121094,
    0.06793689727783203,
    0.11623239517211914,
    0.13547992706298828,
    0.06287264823913574,
    0.049654245376586914,
    0.1457350254058838,
    0.08873128890991211,
    0.09168744087219238,
    0.06653928756713867,
    0.136918306350708,
    0.08763670921325684,
    0.06621360778808594,
    0.07228779792785645,
    0.07674026489257812,
    0.13532137870788574,
    0.14060616493225098,
    0.1045980453491211,
    0.13460206985473633,
    0.14821624755859375,
    0.05764579772949219,
    0.0695500373840332,
    0.07591986656188965,
    0.1282799243927002,
    0.12799596786499023,
    0.05641031265258789,
    0.0515589714050293,
    0.08456778526306152,
    0.06960678100585938,
    0.08790159225463867,
    0.05412912368774414,
    0.078155517578125,
    0.07205057144165039,
    0.12502431869506836,
    0.08044791221618652
  ],
  "score_time": [
    0.459491491317749,
    0.718024492263794,
    0.7050161361694336,
    0.9483027458190918,
    0.9675076007843018,
    0.9761984348297119,
    0.8716142177581787,
    0.732022762298584,
    0.652911901473999,
    0.6457545757293701,
    0.7992243766784668,
    0.9368979930877686,
    0.8633062839508057,
    0.8731935024261475,
    0.840808629989624,
    1.0496258735656738,
    0.834831714630127,
    0.8954308032989502,
    0.9421589374542236,
    0.8734066486358643,
    0.9903988838195801,
    0.8030586242675781,
    0.9514167308807373,
    0.9871809482574463,
    0.6515176296234131,
    0.6463353633880615,
    0.6987407207489014,
    0.9366602897644043,
    0.699882984161377,
    0.713524580001831,
    0.9824817180633545,
    0.7758393287658691,
    0.5933184623718262,
    0.711977481842041,
    0.8272051811218262,
    1.0807430744171143,
    0.8586885929107666,
    0.8719100952148438,
    0.715627908706665
  ],
  "test_voxel": [
    -0.1358596047136178,
    -0.13322848524198352,
    -0.09379252216976396,
    -0.11553826145891462,
    -0.09960081395753663,
    -0.13872326995633072,
    -0.06147348969883513,
    -0.07015669031860258,
    -0.13264171643638764,
    -0.1365861919857706,
    -0.10970865762363712,
    -0.13692772822994786,
    -0.10404569504927565,
    -0.14040796712450615,
    -0.13764927185723727,
    -0.12369205916104421,
    -0.11866198651892369,
    -0.11695771523271727,
    -0.10699155912251498,
    -0.10103299086486882,
    -0.14028391066953164,
    -0.11472000415742764,
    -0.13729629310267438,
    -0.09927913900614506,
    -0.11910329749174385,
    -0.10747151075007252,
    -0.14652837655617465,
    -0.1327973538641597,
    -0.13484133451664235,
    -0.11161260856246483,
    -0.13863562825783632,
    -0.14396650470843741,
    -0.14360136607925025,
    -0.12142658679496784,
    -0.12574989071664242,
    -0.1397346332982351,
    -0.11017302709464605,
    -0.1314477364390795,
    -0.12114614537584617
  ],
  "train_voxel": [
    -0.1198062153857069,
    -0.12013456430793004,
    -0.11206610035006918,
    -0.11956475941805805,
    -0.12128686734626101,
    -0.12087597198342191,
    -0.1217436911413096,
    -0.11704941135179024,
    -0.12061992559348539,
    -0.12063550477692218,
    -0.12107332743677712,
    -0.12002420749454594,
    -0.11881907163064528,
    -0.11966609331742581,
    -0.12068728902427045,
    -0.11995314668441023,
    -0.12055104028659083,
    -0.12031370677475908,
    -0.12126701236187996,
    -0.11764730655093886,
    -0.12060521023553694,
    -0.12063063650250647,
    -0.12057683333798823,
    -0.11830769053394384,
    -0.12056884938426776,
    -0.12009264375048129,
    -0.1201694749167809,
    -0.12046983889591474,
    -0.12006712547065759,
    -0.12004406059256092,
    -0.12056753396363862,
    -0.12064584781995064,
    -0.1199642718505995,
    -0.11995011460145502,
    -0.12095609816088701,
    -0.1199253179565605,
    -0.12085893850717194,
    -0.12059732807754191,
    -0.12053830996068222
  ],
  "test_regional": [
    -0.11568083242656901,
    -0.08700918791706115,
    -0.07374207024552605,
    -0.11101600479382302,
    -0.08619167366913819,
    -0.11635627717258393,
    -0.029253361848996788,
    -0.04512365511871795,
    -0.10964944591862633,
    -0.1027164839861598,
    -0.07592549198933944,
    -0.09871924025968805,
    -0.06513210179989315,
    -0.11488873369421847,
    -0.10604031640286095,
    -0.11369815246879263,
    -0.09373326079788992,
    -0.10400152130267967,
    -0.0694172918586907,
    -0.07016850555714879,
    -0.1270554788534811,
    -0.07846487622694268,
    -0.12033090795377643,
    -0.04904026967846397,
    -0.08556446958386221,
    -0.048792164805139066,
    -0.14083458724473877,
    -0.10614113928467783,
    -0.11992318447670933,
    -0.09602195633963581,
    -0.11938259563656312,
    -0.13434145397894234,
    -0.12527573895565977,
    -0.08899698496645007,
    -0.11068411933953466,
    -0.12521323366652798,
    -0.07838164957496235,
    -0.09258692744971808,
    -0.10052069805389684
  ],
  "train_regional": [
    -0.0960428523653534,
    -0.09455326802143958,
    -0.08841306421627348,
    -0.09589951243252698,
    -0.09733157968304144,
    -0.0969383326885862,
    -0.0978855902420347,
    -0.0925728175149723,
    -0.09677307520195666,
    -0.09654782332785979,
    -0.09774248453140431,
    -0.09647053413134273,
    -0.09552292056746961,
    -0.09542013976072489,
    -0.09676729257107625,
    -0.0963037150784773,
    -0.09728920626309356,
    -0.09689980304533959,
    -0.09739722820684171,
    -0.09514105086767739,
    -0.09655007339689642,
    -0.09722736197228612,
    -0.09656792513127473,
    -0.09284821932918266,
    -0.09676668359253794,
    -0.09579539319464879,
    -0.09584503543440981,
    -0.09663745188998799,
    -0.09570872521442245,
    -0.09673055333297245,
    -0.09670164454117103,
    -0.09638279796863987,
    -0.09569859349414356,
    -0.09636551903655215,
    -0.09690587758889789,
    -0.09602974838696733,
    -0.09689989579061802,
    -0.09686739477375463,
    -0.09684608734962676
  ]
}