{
  "structure_acronym": "HY",
  "structure_id": 1097,
  "fit_time": [
    6.361005783081055,
    6.264692783355713,
    5.595700740814209,
    4.6883544921875,
    6.3393073081970215,
    6.089828729629517,
    5.384024620056152,
    6.0298590660095215,
    5.795740842819214,
    6.0505993366241455,
    6.447333097457886,
    6.58246111869812,
    6.397317886352539,
    6.362513780593872,
    7.469470024108887,
    6.943198919296265,
    7.291045665740967,
    6.067272424697876,
    6.471933364868164,
    4.805598258972168,
    6.199982643127441,
    6.69549822807312,
    6.602331638336182,
    5.8856165409088135,
    4.172080039978027,
    6.30744743347168,
    5.8212549686431885,
    5.346273899078369,
    5.19085431098938,
    6.071164846420288,
    5.9969322681427,
    5.281389951705933,
    4.5395262241363525,
    2.653331756591797
  ],
  "score_time": [
    0.07207942008972168,
    0.00831913948059082,
    0.00021266937255859375,
    0.06311631202697754,
    0.036028385162353516,
    0.08401799201965332,
    0.09078454971313477,
    0.08678221702575684,
    0.06582832336425781,
    0.061068058013916016,
    0.03296661376953125,
    0.0804297924041748,
    0.03844189643859863,
    0.0281374454498291,
    0.03663372993469238,
    0.11670160293579102,
    0.000213623046875,
    0.027962207794189453,
    0.03234052658081055,
    0.0011169910430908203,
    0.056410789489746094,
    0.04590630531311035,
    0.08228611946105957,
    0.0738527774810791,
    0.08743953704833984,
    0.01474618911743164,
    0.06838178634643555,
    0.06838870048522949,
    0.00016808509826660156,
    0.011800765991210938,
    0.020844459533691406,
    0.014170646667480469,
    0.00024175643920898438,
    0.00015306472778320312
  ],
  "test_regional": [
    -0.55563994502513,
    -0.47647457927375353,
    -0.11691905772972544,
    -0.48454918034305877,
    -0.381084944951994,
    -0.44765636028957206,
    -0.08211058786170636,
    -1.7305362625872847,
    -0.07830695114918626,
    -0.9065040452925361,
    -0.041863573338757926,
    -0.26098818475147,
    -0.06327715153486949,
    -0.21789959196645436,
    -1.9729304485945207,
    -0.9313503328140073,
    -0.10545635929056998,
    -0.5909872698245164,
    -0.1563500878689786,
    -1.9440652502896183,
    -0.5291516049705135,
    -0.15984494513420383,
    -1.316237497335903,
    -0.44994555453296714,
    -1.2119156804164934,
    -0.5665095753822326,
    -0.25248402624478233,
    -0.8838059918741297,
    -0.6228975540374139,
    -1.218897346237922,
    -0.34461967906016067,
    -0.9192415901932507,
    -0.9292873583348731,
    -0.17899254665947478
  ],
  "train_regional": [
    -0.049189923035030086,
    -0.05136504044442452,
    -0.05131181502559231,
    -0.049215664065166385,
    -0.050040388984838605,
    -0.05173583668916267,
    -0.051857011940989434,
    -0.05246008160436757,
    -0.05253726761254908,
    -0.05158375132315257,
    -0.05193854264461476,
    -0.05208317216873057,
    -0.051996711063025364,
    -0.051194243680559685,
    -0.05557713464886963,
    -0.04915955945102553,
    -0.0517901334308332,
    -0.04931857758638997,
    -0.051350315081041056,
    -0.051581694876579605,
    -0.04731867441401937,
    -0.051384344501900166,
    -0.04338517732474674,
    -0.05319619359026806,
    -0.04202666303128331,
    -0.051082933825116895,
    -0.0505554229753113,
    -0.07361339350211166,
    -0.051588631005648734,
    -0.025853407527193985,
    -0.04883151957961654,
    -0.047085773753494674,
    -0.049044474731853215,
    -0.051908187532178914
  ]
}