{
  "structure_acronym": "Isocortex",
  "structure_id": 315,
  "fit_time": [
    32.793659925460815,
    31.76168918609619,
    31.979761362075806,
    32.33417463302612,
    31.122071027755737,
    35.06507062911987,
    32.98792386054993,
    30.192341566085815,
    32.51062273979187,
    33.74604916572571,
    33.09166240692139,
    32.720053911209106,
    32.109909534454346,
    32.72370004653931,
    32.843291997909546,
    31.14010739326477,
    32.48936176300049,
    32.40096974372864,
    33.733171701431274,
    32.70045042037964,
    33.1751983165741,
    32.78445887565613,
    33.19205021858215,
    33.0987548828125,
    33.47172260284424,
    31.712603330612183,
    32.43003058433533,
    31.782803058624268,
    32.12480187416077,
    31.24591612815857,
    32.40818738937378,
    30.70512104034424,
    32.69573736190796,
    32.87783145904541,
    32.392144203186035,
    33.25350642204285,
    32.40533471107483,
    35.25312924385071,
    31.515188932418823,
    31.331032276153564,
    33.86182403564453,
    30.179725170135498,
    33.52394700050354,
    32.56182646751404,
    31.397984981536865,
    29.93345546722412,
    32.35885238647461,
    32.123393535614014,
    31.819563150405884,
    32.32937407493591,
    33.68224239349365,
    32.16714596748352,
    30.593437910079956,
    33.27870154380798,
    33.45709466934204,
    32.725566387176514,
    30.418827772140503,
    31.790138006210327,
    32.585015058517456,
    32.43186593055725,
    33.71512150764465,
    32.180574893951416,
    31.54688835144043,
    32.92467927932739,
    29.59140372276306,
    33.46497821807861,
    32.58438181877136,
    30.67602229118347,
    31.624499320983887,
    33.87281513214111,
    30.84938645362854,
    32.750877380371094,
    31.59529709815979,
    30.43150496482849,
    30.289896965026855,
    30.723686456680298,
    31.858646631240845,
    33.85993146896362,
    31.55110001564026,
    33.08716058731079,
    29.82300114631653,
    31.532976627349854,
    30.84428906440735,
    31.411707162857056,
    31.07848334312439,
    31.306066513061523,
    31.400067806243896,
    32.32488942146301,
    30.594135761260986,
    31.505067348480225,
    32.18709754943848,
    33.26908469200134,
    31.517520904541016,
    31.831501483917236,
    31.452550649642944,
    31.901089668273926,
    31.51203179359436,
    32.24346375465393,
    31.256396293640137,
    32.45645046234131,
    31.36317729949951,
    30.91592526435852,
    33.07746076583862,
    32.14398550987244,
    30.8144428730011,
    29.99755311012268,
    32.15736627578735,
    30.938654899597168,
    31.199636936187744,
    31.749227285385132,
    29.682641983032227,
    30.481351375579834,
    25.11155915260315,
    21.507453203201294,
    21.333242177963257,
    19.49347162246704
  ],
  "score_time": [
    0.02071070671081543,
    0.02355337142944336,
    0.008266448974609375,
    0.07297492027282715,
    0.007336139678955078,
    0.05016136169433594,
    0.05788755416870117,
    0.00027632713317871094,
    0.04440498352050781,
    0.011232852935791016,
    0.08086514472961426,
    0.008356809616088867,
    0.07943964004516602,
    0.06864666938781738,
    0.04737114906311035,
    0.04831862449645996,
    0.04722476005554199,
    0.07467007637023926,
    0.08634424209594727,
    0.00023555755615234375,
    0.014309406280517578,
    0.07010579109191895,
    0.04382157325744629,
    0.02767181396484375,
    0.032323360443115234,
    0.037625789642333984,
    0.050377845764160156,
    0.02429485321044922,
    0.056690216064453125,
    0.03245258331298828,
    0.05250358581542969,
    0.01022481918334961,
    0.0323641300201416,
    0.026074886322021484,
    0.020320415496826172,
    0.034792184829711914,
    0.022230148315429688,
    0.021861791610717773,
    0.03246426582336426,
    0.049178361892700195,
    0.04863405227661133,
    0.0330655574798584,
    0.04439187049865723,
    0.017667770385742188,
    0.02463054656982422,
    0.044362545013427734,
    0.04686379432678223,
    0.03640484809875488,
    0.039752960205078125,
    0.11066746711730957,
    0.06966900825500488,
    0.08803343772888184,
    0.04876852035522461,
    0.07239294052124023,
    0.00023508071899414062,
    0.03656458854675293,
    0.020452022552490234,
    0.05158543586730957,
    0.0015232563018798828,
    0.07610607147216797,
    0.01536107063293457,
    0.0202944278717041,
    0.0013434886932373047,
    0.055284738540649414,
    0.02023458480834961,
    0.00021910667419433594,
    0.02566838264465332,
    0.03240847587585449,
    0.035375118255615234,
    0.06437420845031738,
    0.0174252986907959,
    0.043662309646606445,
    0.003359556198120117,
    0.04163193702697754,
    0.04436206817626953,
    0.06835079193115234,
    0.09236025810241699,
    0.05647444725036621,
    0.05759930610656738,
    0.05679607391357422,
    0.08322978019714355,
    0.05155801773071289,
    0.06850457191467285,
    0.020275115966796875,
    0.000217437744140625,
    0.01115727424621582,
    0.003662586212158203,
    0.08436822891235352,
    0.00021648406982421875,
    0.020871639251708984,
    0.01787257194519043,
    0.05905556678771973,
    0.01767277717590332,
    0.0023560523986816406,
    0.06847143173217773,
    0.01078343391418457,
    0.033426761627197266,
    0.00021028518676757812,
    0.03235030174255371,
    0.05257415771484375,
    0.04442334175109863,
    0.03352475166320801,
    0.050924062728881836,
    0.06879830360412598,
    0.04433393478393555,
    0.04439878463745117,
    0.03762555122375488,
    0.048508644104003906,
    0.08427929878234863,
    0.04587554931640625,
    0.010865926742553711,
    0.008237123489379883,
    0.027138948440551758,
    0.020270586013793945,
    0.00019598007202148438,
    0.00018405914306640625
  ],