{
  "structure_acronym": "MB",
  "structure_id": 313,
  "fit_time": [
    6.286702632904053,
    5.566431283950806,
    6.817526817321777,
    6.5047218799591064,
    4.990428686141968,
    6.282589435577393,
    7.169664144515991,
    6.910482168197632,
    5.999175548553467,
    6.7514917850494385,
    7.8697123527526855,
    5.723198890686035,
    8.788948059082031,
    6.591876029968262,
    7.467413902282715,
    7.330098390579224,
    6.293140649795532,
    7.985651016235352,
    5.213173151016235,
    5.720989465713501,
    7.844017744064331,
    7.5152857303619385,
    6.471751689910889,
    6.537642478942871,
    8.142853736877441,
    6.63721776008606,
    7.804026126861572,
    8.085230588912964,
    6.452834606170654,
    8.013849973678589,
    6.347259998321533,
    6.717947006225586,
    5.613103151321411,
    6.075311660766602,
    4.881503105163574,
    5.016508340835571,
    4.415950775146484,
    4.303177833557129
  ],
  "score_time": [
    0.01203298568725586,
    0.0948486328125,
    0.01685023307800293,
    0.1040339469909668,
    0.02491283416748047,
    0.014374017715454102,
    0.017124652862548828,
    0.04837512969970703,
    0.1166677474975586,
    0.056546688079833984,
    0.02389669418334961,
    0.00024390220642089844,
    0.07666206359863281,
    0.04777336120605469,
    0.14653635025024414,
    0.08326387405395508,
    0.09231686592102051,
    0.044470787048339844,
    0.013742685317993164,
    0.12253975868225098,
    0.021966218948364258,
    0.02109384536743164,
    0.037842750549316406,
    0.020737648010253906,
    0.0012657642364501953,
    0.03137469291687012,
    0.05153298377990723,
    0.04751300811767578,
    0.03056192398071289,
    0.0002315044403076172,
    0.06891083717346191,
    0.060227155685424805,
    0.02879619598388672,
    0.03887343406677246,
    0.009884357452392578,
    0.01535797119140625,
    0.00020432472229003906,
    0.000274658203125
  ],
  "test_regional": [
    -0.23420175431701087,
    -0.5855687761490777,
    -0.4054261096339436,
    -0.3724221672059234,
    -1.8507846226530065,
    -0.2275891610542544,
    -0.36549489178418026,
    -0.277881095679055,
    -0.3627939611875886,
    -0.506446906374985,
    -0.09558533591912331,
    -0.19048567209173337,
    -0.6216541121326704,
    -0.2616099972294614,
    -0.604610283708552,
    -0.16735755281535714,
    -0.46703901811384196,
    -0.11717197131895073,
    -0.399495297345961,
    -0.2650408167907449,
    -0.03746640945708656,
    -0.17641190857293776,
    -0.054347783877731,
    -0.4907849969859694,
    -0.27312918902845273,
    -1.0384051014115627,
    -1.752175178148145,
    -0.17634752673294046,
    -0.269772827736,
    -0.1579087572810974,
    -0.8284201036908764,
    -0.19055820258980719,
    -0.02012117771942171,
    -0.2873078242829449,
    -0.14370183125801103,
    -0.2141090311943736,
    -0.2444685920968332,
    -0.17320270614286895
  ],
  "train_regional": [
    -0.14405239869880213,
    -0.1400640108650083,
    -0.14343662415076583,
    -0.1440780741182936,
    -0.1474211660947743,
    -0.14303983896543807,
    -0.14174072455329453,
    -0.12640052187132347,
    -0.14615506459482694,
    -0.13613926602533266,
    -0.14445630728469872,
    -0.145967446779252,
    -0.10449106964964984,
    -0.1421285887153195,
    -0.14401847263541603,
    -0.14340827255154662,
    -0.11673724897754933,
    -0.1439330869709904,
    -0.14091041186327874,
    -0.14307822740504747,
    -0.14501708548155862,
    -0.14282373935328102,
    -0.14648791739645056,
    -0.14329170565604277,
    -0.14500590241166694,
    -0.1465954045575882,
    -0.145187967011316,
    -0.14322195436205434,
    -0.1428506203862448,
    -0.1436140026092834,
    -0.13663968885562916,
    -0.14370728638445063,
    -0.14691407215216523,
    -0.14433565543682417,
    -0.14493948484998181,
    -0.14311525734517816,
    -0.14365763037725748,
    -0.1446651032381825
  ]
}