{
  "structure_acronym": "P",
  "structure_id": 771,
  "fit_time": [
    0.16834688186645508,
    0.2399444580078125,
    0.18132281303405762,
    0.22425317764282227,
    0.17011642456054688,
    0.16446375846862793,
    0.15583348274230957,
    0.16144466400146484,
    0.14616179466247559,
    0.15587449073791504,
    0.14228200912475586,
    0.1559309959411621,
    0.17163777351379395,
    0.17261171340942383,
    0.15200328826904297
  ],
  "score_time": [
    0.00024318695068359375,
    0.00020265579223632812,
    0.00022673606872558594,
    0.000213623046875,
    0.00023126602172851562,
    0.0002384185791015625,
    0.00021004676818847656,
    0.0002536773681640625,
    0.00022101402282714844,
    0.0001800060272216797,
    0.0003223419189453125,
    0.0001468658447265625,
    0.00019669532775878906,
    0.00025010108947753906,
    0.00018978118896484375
  ],
  "test_regional": [
    -0.941049437931691,
    -0.07707404618607495,
    -0.22059150974615427,
    -1.7331192002785796,
    -1.3823117036138377,
    -1.8242744032017353,
    -0.1735988679695285,
    -0.21095329463699533,
    -1.9997892666355925,
    -0.19425831353670397,
    -1.114718958289941,
    -0.7874723073544263,
    -1.4495086885293509,
    -0.9009860618738497,
    -0.09482966303798387
  ],
  "train_regional": [
    -0.2743433200556041,
    -0.29042379233273996,
    -0.329371268268634,
    -0.10425256297329058,
    -0.2397967792611233,
    -0.2933979814952419,
    -0.28515065004383683,
    -0.2962737811586652,
    -0.28271156126183145,
    -0.377791541116444,
    -0.22658742718576746,
    -0.28874318009238836,
    -0.248684651124874,
    -0.2728149976258638,
    -0.2950228844655336
  ]
}