{
  "structure_acronym": "STR",
  "structure_id": 477,
  "fit_time": [
    0.25156497955322266,
    0.25151515007019043,
    0.24896931648254395,
    0.2588067054748535,
    0.24930810928344727,
    0.25067996978759766,
    0.2590038776397705,
    0.2621016502380371,
    0.24260830879211426,
    0.24367976188659668,
    0.24085092544555664,
    0.24358606338500977,
    0.2516334056854248,
    0.24228262901306152,
    0.24754929542541504,
    0.24671387672424316,
    0.243438720703125,
    0.24976778030395508,
    0.24464654922485352,
    0.260545015335083,
    0.2548999786376953,
    0.26096439361572266,
    0.25772666931152344,
    0.2531130313873291,
    0.169389009475708,
    0.16740632057189941
  ],
  "score_time": [
    0.0002167224884033203,
    0.0002589225769042969,
    0.00021886825561523438,
    0.0002269744873046875,
    0.00026869773864746094,
    0.00022172927856445312,
    0.00022339820861816406,
    0.00023317337036132812,
    0.00018978118896484375,
    0.00019097328186035156,
    0.00018978118896484375,
    0.0001914501190185547,
    0.00018978118896484375,
    0.00019073486328125,
    0.00019359588623046875,
    0.0001919269561767578,
    0.0001747608184814453,
    0.0001838207244873047,
    0.00018477439880371094,
    0.0001800060272216797,
    0.00015735626220703125,
    0.00011968612670898438,
    0.0001163482666015625,
    0.00016450881958007812,
    0.00011301040649414062,
    0.0001308917999267578
  ],
  "test_regional": [
    -0.26864708547724037,
    -0.33059662244809274,
    -1.621168922123018,
    -0.23210618118231024,
    -1.3450853324776775,
    -0.07039822643776948,
    -0.7573541940260177,
    -0.11722356894050649,
    -0.07698663065774394,
    -0.6391524771361048,
    -0.1478056377126364,
    -0.28996506936016214,
    -0.3215066259589779,
    -1.7298147906676673,
    -0.9245705112876759,
    -1.9116169322481753,
    -0.11649787498785723,
    -0.06769049275424123,
    -0.27391969552723544,
    -0.028895462957066506,
    -0.1199818885463268,
    -0.11772422806954551,
    -0.01851035969039315,
    -1.267042681773396,
    -0.4864468298011406,
    -0.3998830376216897
  ],
  "train_regional": [
    -0.23588042765434927,
    -0.23434840818564817,
    -0.23472379651290043,
    -0.23806221602182914,
    -0.23301779537186196,
    -0.24628817084636098,
    -0.23149642431447492,
    -0.23897307626044986,
    -0.23826388734205303,
    -0.23434593490543698,
    -0.24672435578896038,
    -0.2292723323772939,
    -0.23024344657117723,
    -0.24020221953964702,
    -0.08809799526205182,
    -0.2088880885633448,
    -0.23958512620412298,
    -0.243142927420591,
    -0.24182321797707804,
    -0.24694101969275736,
    -0.23842779108752996,
    -0.23920892850293257,
    -0.24751073876667565,
    -0.23558201274263565,
    -0.24616515887516605,
    -0.23035367405805596
  ]
}