{
  "structure_acronym": "TH",
  "structure_id": 549,
  "fit_time": [
    6.610179901123047,
    5.792752504348755,
    4.99772834777832,
    6.553329706192017,
    7.574069499969482,
    6.262919902801514,
    7.024447202682495,
    6.592268705368042,
    6.656022310256958,
    5.483004570007324,
    6.382014036178589,
    8.016073226928711,
    6.024293899536133,
    6.776561498641968,
    6.275130033493042,
    7.999744415283203,
    6.626070499420166,
    6.730022430419922,
    7.227666616439819,
    6.55416464805603,
    7.713619709014893,
    8.699023485183716,
    7.87123703956604,
    6.658551454544067,
    7.228977680206299,
    7.391694068908691,
    6.366489887237549,
    7.30712890625,
    7.150616407394409,
    7.301221609115601,
    6.908801794052124,
    7.008413553237915,
    6.610630750656128,
    5.889707326889038,
    5.865479946136475,
    5.0288026332855225,
    4.878878593444824,
    4.382804870605469,
    4.094697713851929
  ],
  "score_time": [
    0.0419306755065918,
    0.0028078556060791016,
    0.00023245811462402344,
    0.10641932487487793,
    0.028101682662963867,
    0.020647764205932617,
    0.00019621849060058594,
    0.07023024559020996,
    0.05650591850280762,
    0.02032184600830078,
    0.02769947052001953,
    0.0815281867980957,
    0.040216922760009766,
    0.04549288749694824,
    0.06080269813537598,
    0.08844780921936035,
    0.023438692092895508,
    0.06844663619995117,
    0.0073087215423583984,
    0.06072545051574707,
    0.10511350631713867,
    0.00021696090698242188,
    0.08432841300964355,
    0.016385793685913086,
    0.03153824806213379,
    0.008315324783325195,
    0.020300865173339844,
    0.08094215393066406,
    0.03988051414489746,
    0.0368959903717041,
    0.018253087997436523,
    0.025572538375854492,
    0.007398366928100586,
    0.0002124309539794922,
    0.04618358612060547,
    0.024702787399291992,
    0.008028030395507812,
    0.0001518726348876953,
    0.010059833526611328
  ],
  "test_regional": [
    -1.4743058517675132,
    -1.9107077451212844,
    -0.9980779095285833,
    -0.5929756554224735,
    -0.29564302912688323,
    -1.7274405941665452,
    -0.661362859396426,
    -0.1816508259157323,
    -1.3638616234261949,
    -1.9394874254419987,
    -0.6096220198145064,
    -1.203600702589169,
    -1.5329613947845682,
    -0.4192035794635636,
    -0.44754859777058204,
    -1.0014581367034658,
    -0.6277475305621977,
    -0.6161915566699504,
    -0.04777175400882107,
    -0.47542819106765605,
    -1.2319754071069708,
    -0.3712814713088486,
    -0.47100399717413854,
    -1.9970045053122096,
    -0.35272000198013265,
    -0.4950229925315256,
    -1.6053198872017747,
    -0.3049340628068525,
    -0.27885202532610237,
    -0.4929053202475853,
    -1.5253216415938526,
    -0.8881740042666036,
    -1.623396096113921,
    -0.9047324070804508,
    -0.37853510582272637,
    -0.6312306930460702,
    -0.22359106808386348,
    -1.463688752930871,
    -0.3640882330956027
  ],
  "train_regional": [
    -0.1234073881592792,
    -0.14653724088748699,
    -0.12071528619571065,
    -0.12103443729274302,
    -0.12151345786667539,
    -0.09789177345410381,
    -0.11424180306090496,
    -0.12138896896897262,
    -0.11932133554604574,
    -0.12852293475746493,
    -0.1199905383776779,
    -0.11739516722011252,
    -0.1051333453157056,
    -0.1200208582336802,
    -0.1235728697829776,
    -0.11103989041749791,
    -0.11988942097690605,
    -0.12020018264558743,
    -0.12443015561096454,
    -0.12145407268861044,
    -0.11696288473092381,
    -0.12088887761075262,
    -0.11882385761166762,
    -0.11093834918586358,
    -0.12040898666174055,
    -0.1158977552660342,
    -0.10284299316243271,
    -0.11846404699484847,
    -0.12075951016519908,
    -0.1203177488570086,
    -0.10126558293255299,
    -0.11185835404822986,
    -0.13223575764598464,
    -0.1168922762815494,
    -0.11961757034332132,
    -0.11614360182883834,
    -0.1246488522658825,
    -0.11210948556654653,
    -0.12120972108676725
  ]
}