{
  "structure_acronym": "CB",
  "structure_id": 512,
  "fit_time": [
    81.33722639083862,
    82.41359376907349,
    81.55393028259277,
    84.28146553039551,
    84.70784115791321,
    84.23023557662964,
    81.93310809135437,
    81.63477873802185,
    81.19659900665283,
    81.32031226158142,
    82.34823513031006,
    83.11516809463501,
    82.41582202911377,
    82.41959595680237,
    82.2806191444397,
    81.27171015739441,
    33.87621021270752,
    33.51309847831726,
    33.902875661849976
  ],
  "score_time": [
    1.4044325351715088,
    0.9358029365539551,
    0.8098611831665039,
    0.8197920322418213,
    1.0862648487091064,
    0.900249719619751,
    0.9796838760375977,
    0.798581600189209,
    0.9914591312408447,
    1.2187259197235107,
    0.7294163703918457,
    0.9974567890167236,
    0.9202969074249268,
    1.048161268234253,
    0.6697132587432861,
    0.8319807052612305,
    0.3810079097747803,
    0.40839219093322754,
    0.23423218727111816
  ],
  "test_voxel": [
    -1.9338462439896216,
    -1.9603843102599472,
    -1.9599812221004231,
    -1.7669270506890902,
    -1.9909225069091139,
    -1.9129639459131553,
    -1.9771786360803947,
    -1.2852943059452815,
    -1.6620424279153165,
    -1.993781927321779,
    -1.981888557305541,
    -1.727872898439149,
    -1.778942756150295,
    -1.7485061393073735,
    -1.3870259806383607,
    -1.8937572014388542,
    -0.9481376757269363,
    -1.8389901320083304,
    -1.2569725510469458
  ],
  "train_voxel": [
    -0.025048662786835842,
    -0.025193313241482336,
    -0.025309470020300498,
    -0.025666525604081433,
    -0.04043992583700491,
    -0.02528723092883458,
    -0.03049237653473166,
    -0.02285785683225702,
    -0.014025257683266689,
    -0.025314295488345975,
    -0.025278107178968983,
    -0.01891718804786669,
    -0.02502682140378235,
    -0.02329590853072815,
    -0.025454667028969164,
    -0.024998293756849116,
    -0.023563906000174783,
    -0.027665993593742628,
    -0.02223938598723629
  ],
  "test_regional": [
    -0.25450195188394314,
    -1.9013712673774306,
    -1.1654654454869868,
    -0.842708952975071,
    -1.6809323302280157,
    -0.3522505287204813,
    -1.5356630328525265,
    -0.08437079565264602,
    -1.168585630204095,
    -1.564034909925884,
    -1.9617211241328913,
    -0.7190626432359924,
    -0.4218110778381519,
    -0.2676674403770275,
    -0.9667503904456278,
    -0.0031214655986212887,
    -0.24482379854782424,
    -0.04432275948330071,
    -0.5154381294214706
  ],
  "train_regional": [
    -0.01841200219305466,
    -0.01825787545385945,
    -0.018433785190571143,
    -0.01850260840406127,
    -0.021244316301658576,
    -0.018619856220474067,
    -0.03943798350193738,
    -0.017719316385012677,
    -0.010130524031730682,
    -0.0187595756380997,
    -0.018442755860577184,
    -0.014267473979006013,
    -0.017715812724760558,
    -0.01701322624620845,
    -0.018735591974945155,
    -0.01846068677600805,
    -0.01776491638533605,
    -0.018570831840145536,
    -0.01632032087142778
  ]
}