{
  "structure_acronym": "CTXsp",
  "structure_id": 703,
  "fit_time": [
    14.746821641921997,
    13.214282989501953,
    14.410299301147461,
    12.91713571548462,
    14.882902145385742,
    14.954269409179688,
    14.52160930633545,
    13.913395881652832
  ],
  "score_time": [
    0.7662546634674072,
    1.0886743068695068,
    0.7761366367340088,
    0.825763463973999,
    0.48877525329589844,
    0.49291062355041504,
    0.39169979095458984,
    0.8805274963378906
  ],
  "test_voxel": [
    -0.9089862082486221,
    -0.9267262400543421,
    -0.590573425282475,
    -1.5143877071635037,
    -1.1836574259241377,
    -1.8712540242953923,
    -1.791068803157581,
    -0.4028369866490896
  ],
  "train_voxel": [
    -0.20497810512967432,
    -0.32846064220486354,
    -0.2530402391594014,
    -0.28613377659736944,
    -0.23515156361600004,
    -0.25589466438458014,
    -0.3652172849520359,
    -0.2547591803002848
  ],
  "test_regional": [
    -0.1570319801987805,
    -0.5732114746136446,
    -0.5248614041233508,
    -0.9563370207214319,
    -1.0720534233612506,
    -1.8750752438143197,
    -1.9222742208204602,
    -0.3571924663262796
  ],
  "train_regional": [
    -0.19414146023465334,
    -0.19578050269778752,
    -0.18502284321760173,
    -0.20005516920651858,
    -0.17352142288608763,
    -0.18408903617913577,
    -0.7288582342083676,
    -0.18595059720079282
  ]
}