{
  "structure_acronym": "HPF",
  "structure_id": 1089,
  "fit_time": [
    544.8483576774597,
    552.7686896324158,
    554.7861058712006,
    555.9436993598938,
    546.7717595100403,
    543.1378345489502,
    543.5185177326202,
    559.3089783191681,
    548.9891955852509,
    547.6380627155304,
    547.986643075943,
    555.251556634903,
    555.9117376804352,
    560.1224458217621,
    544.7117791175842,
    552.287927865982,
    558.125896692276,
    553.8963606357574,
    547.2751624584198,
    553.1111924648285,
    555.9684166908264,
    553.4786982536316,
    547.7527327537537,
    550.2547380924225,
    550.819821357727,
    550.9282865524292,
    545.3373734951019,
    548.4723207950592,
    559.6787483692169,
    556.9608936309814,
    553.6692008972168,
    551.8319005966187,
    543.2459166049957,
    559.7566559314728,
    551.6905236244202,
    550.5796799659729,
    545.2942309379578,
    553.8359744548798,
    552.024492263794,
    550.4680042266846,
    238.08527255058289,
    227.1673698425293,
    226.73525142669678
  ],
  "score_time": [
    2.1000895500183105,
    2.002575159072876,
    2.0820109844207764,
    2.2197072505950928,
    1.3378145694732666,
    1.7146151065826416,
    1.5007970333099365,
    1.5061650276184082,
    1.8602893352508545,
    1.673752784729004,
    1.790518045425415,
    1.9335355758666992,
    2.4050345420837402,
    1.6611347198486328,
    1.7303528785705566,
    1.7251851558685303,
    2.737154006958008,
    2.0017600059509277,
    2.444105386734009,
    2.163655996322632,
    1.7151360511779785,
    1.9695568084716797,
    2.029252290725708,
    1.7387282848358154,
    2.057435989379883,
    2.1165337562561035,
    1.8556296825408936,
    1.501335859298706,
    2.4037699699401855,
    2.2166566848754883,
    2.190420627593994,
    1.2534093856811523,
    2.2274317741394043,
    1.8023860454559326,
    2.276744842529297,
    1.9517223834991455,
    1.8482301235198975,
    1.0982537269592285,
    1.3125967979431152,
    1.375638723373413,
    0.6288900375366211,
    0.46093297004699707,
    0.2736389636993408
  ],
  "test_voxel": [
    -1.6975474630122722,
    -1.2373109633072243,
    -0.5164806736040642,
    -0.22631897371244233,
    -0.5715182006697016,
    -0.6101969096627968,
    -0.6277912177222233,
    -1.467532201702179,
    -1.2920673325773921,
    -1.813346908134071,
    -0.27407531243675715,
    -0.4143438963833361,
    -0.22475862435381433,
    -1.7466938369813374,
    -1.0845734753228402,
    -0.2632903806304375,
    -1.2944405464849689,
    -0.6755484758031641,
    -0.26943679500152473,
    -1.6282967900092455,
    -0.40941948875182055,
    -1.2507973448744503,
    -1.076474749031657,
    -1.0012046421398684,
    -1.6360851384881563,
    -0.37735458513830095,
    -0.28778151536273144,
    -0.3062409817071216,
    -0.18524872475693457,
    -1.8578473479927549,
    -0.8941759243360349,
    -0.6442555812721678,
    -1.0114951522819624,
    -1.146408835010443,
    -1.907951592815813,
    -0.8257739794617378,
    -0.26539497624969227,
    -0.36397659029733787,
    -1.4305698817787835,
    -0.9325370301872759,
    -0.602039913028056,
    -1.461974323648446,
    -1.6214252911876812
  ],
  "train_voxel": [
    -0.16237557749998321,
    -0.23682965867006892,
    -0.23894861775136753,
    -0.23900101304411087,
    -0.15684450751875378,
    -0.24034440631690265,
    -0.22269163329276934,
    -0.2364514212180208,
    -0.23086028577087017,
    -0.2413367992130722,
    -0.2387729122800326,
    -0.15504666908828774,
    -0.24006844722908943,
    -0.2396788536978825,
    -0.12548295390439623,
    -0.15564116487931223,
    -0.15158710757771288,
    -0.14770151381448363,
    -0.1527676101704171,
    -0.15334472375798036,
    -0.24099128320369922,
    -0.23621990055692593,
    -0.23304747421501348,
    -0.24677605882434264,
    -0.24058787944792473,
    -0.2394688435944689,
    -0.24031309610968193,
    -0.15366219656443955,
    -0.24013280105729884,
    -0.1581557938918806,
    -0.2412506629254315,
    -0.23924330410248146,
    -0.15250761886227648,
    -0.23656392930253847,
    -0.23942427277487044,
    -0.23828620979316564,
    -0.23928694392535751,
    -0.2402816207958367,
    -0.16190415904706715,
    -0.15260595834925586,
    -0.2523372273465027,
    -0.2404387004258283,
    -0.23512353200834077
  ],
  "test_regional": [
    -0.5821362995822864,
    -0.9744551698951051,
    -0.48725063563044857,
    -0.102891501028895,
    -0.03044307218937926,
    -0.21704001241485174,
    -0.4130756653918965,
    -0.5867307294699852,
    -0.5561405089299641,
    -1.6447882567897831,
    -0.10027842466145413,
    -0.2644570612843986,
    -0.028929542457479227,
    -0.9669348052336199,
    -0.9393055311610203,
    -0.04940117879139407,
    -0.9692666500142032,
    -0.6126007900564001,
    -0.12424146137623764,
    -1.178204348162412,
    -0.18984539933183364,
    -0.9991378268886465,
    -0.7540919994840178,
    -0.5775086236799377,
    -1.1795589712755856,
    -0.16307895585216076,
    -0.16968457243614832,
    -0.021726833680855664,
    -0.08303084574627281,
    -1.7431300649436285,
    -0.3447645275363115,
    -0.30738011886524874,
    -0.2493196331110957,
    -0.12123650854459694,
    -1.653332409471571,
    -0.34835243754581885,
    -0.07279512155927467,
    -0.09159736177645887,
    -1.3926683016009265,
    -0.7003453476136239,
    -0.33317339724753375,
    -0.803691538500705,
    -0.9860891077095353
  ],
  "train_regional": [
    -0.13450409040731282,
    -0.1957853014501204,
    -0.19765650083099817,
    -0.19955900964917486,
    -0.13763660981835912,
    -0.19787863341906423,
    -0.1912698515300866,
    -0.19759330882338202,
    -0.19811289153500958,
    -0.19794627788058894,
    -0.1972578224895512,
    -0.13370301939920975,
    -0.19801279519152604,
    -0.1966303823653503,
    -0.07668640874585905,
    -0.14168143812028894,
    -0.13192974487058487,
    -0.12973721587165757,
    -0.13135519201637166,
    -0.13315444763725268,
    -0.19919185765759687,
    -0.19599119385901007,
    -0.19425099533312926,
    -0.20671450401171246,
    -0.1972001960612252,
    -0.19737704449622936,
    -0.1980921596220531,
    -0.138579601627837,
    -0.19776694205064665,
    -0.13446930510876723,
    -0.1992759258912487,
    -0.19752693140139593,
    -0.1331036235262527,
    -0.19770228833199316,
    -0.19760769879913415,
    -0.19724110486627824,
    -0.19766549706072445,
    -0.19811405167785995,
    -0.06780322268844743,
    -0.13088487943702143,
    -0.21158302741546237,
    -0.19782736603752082,
    -0.19730859955577135
  ]
}