{
  "structure_acronym": "HY",
  "structure_id": 1097,
  "fit_time": [
    171.4002320766449,
    176.40501856803894,
    173.78905296325684,
    173.71616458892822,
    174.04132890701294,
    170.95662999153137,
    173.98516082763672,
    174.22192287445068,
    171.98012018203735,
    173.1621024608612,
    173.89107751846313,
    175.92101645469666,
    169.75318789482117,
    171.92083597183228,
    174.37596559524536,
    174.47820115089417,
    176.4682102203369,
    172.51250100135803,
    171.67742443084717,
    173.06281447410583,
    173.54759764671326,
    169.44900107383728,
    174.59316039085388,
    176.35555934906006,
    90.84228277206421,
    92.56546092033386,
    90.83102416992188,
    89.28294634819031
  ],
  "score_time": [
    1.299224615097046,
    1.1597118377685547,
    1.1067218780517578,
    1.0883374214172363,
    0.7674973011016846,
    1.8029162883758545,
    1.1685640811920166,
    1.2553162574768066,
    1.5249645709991455,
    1.1303324699401855,
    1.0459785461425781,
    1.1743111610412598,
    1.4752228260040283,
    0.8349413871765137,
    1.016852855682373,
    1.145662546157837,
    1.3156464099884033,
    1.6985437870025635,
    1.1495866775512695,
    1.4645202159881592,
    1.0697596073150635,
    1.1111888885498047,
    1.1857573986053467,
    0.7528181076049805,
    0.6715829372406006,
    0.2684175968170166,
    0.4252903461456299,
    0.4894073009490967
  ],
  "test_voxel": [
    -0.6058986147624155,
    -0.22068866515134403,
    -1.2776123181072645,
    -0.2992024489239234,
    -0.3393292666361674,
    -0.3117633291824283,
    -0.773782396743686,
    -0.19437423649844693,
    -0.11122707669877642,
    -0.3122484446012503,
    -0.6856683077384327,
    -0.2412248817136535,
    -0.34879938050038894,
    -0.32904495237791476,
    -0.31261161864385967,
    -0.6032415957545905,
    -0.30966446307049666,
    -1.4425854573642412,
    -0.4358256885787637,
    -0.7466153532404813,
    -0.3058085579766017,
    -0.5885371425763676,
    -0.3534392775758587,
    -1.4210991599283869,
    -0.77915374622094,
    -1.5577512452532907,
    -1.3665642098232709,
    -0.2747055050528792
  ],
  "train_voxel": [
    -0.17378559199260812,
    -0.1689149551341435,
    -0.1593040438672618,
    -0.1698585375931528,
    -0.16946625092423598,
    -0.17480534170955916,
    -0.1798069380948082,
    -0.17047162058633308,
    -0.1724004336442739,
    -0.1696460895944557,
    -0.18012090247355847,
    -0.1703801280802298,
    -0.16788144049537412,
    -0.16782042101852224,
    -0.17214072583671644,
    -0.1700321627027539,
    -0.17082582769169224,
    -0.17511311080251998,
    -0.17123994095073225,
    -0.1652653979172819,
    -0.16874785553111848,
    -0.17082437397815456,
    -0.17277303911091532,
    -0.14798112155621226,
    -0.1668511061031504,
    -0.1619815843036554,
    -0.1664573554538705,
    -0.16956060270718218
  ],
  "test_regional": [
    -0.40606496100227035,
    -0.12297745591930283,
    -0.9489992727704689,
    -0.2670897825599498,
    -0.14892438786989798,
    -0.14596254836610437,
    -0.5862936185176262,
    -0.10344837872621475,
    -0.029605724312762555,
    -0.1261385643096202,
    -0.4425287703950976,
    -0.12586198238262222,
    -0.3381970839555584,
    -0.0827074659562493,
    -0.12466776969619045,
    -0.35282088299031494,
    -0.10155006617766976,
    -1.1489912465595244,
    -0.3261176655406532,
    -0.6467490944488997,
    -0.29596617652438234,
    -0.4013585560233494,
    -0.07753588203983347,
    -1.5317469145254012,
    -0.4224722740090967,
    -1.273113167457805,
    -0.8515356956637233,
    -0.14279161499661264
  ],
  "train_regional": [
    -0.14669623600297932,
    -0.1478651104766635,
    -0.13748619285168592,
    -0.1474555998416969,
    -0.14766843260835427,
    -0.15199073228004253,
    -0.14912420730921364,
    -0.14734826206546925,
    -0.14910307240731893,
    -0.14807418639364162,
    -0.1705376334531223,
    -0.1474962558922853,
    -0.14372028846881862,
    -0.14866426674441818,
    -0.1477623425425181,
    -0.1432163080983451,
    -0.14922193484460447,
    -0.14392731219909077,
    -0.1540821197449506,
    -0.13915272789561642,
    -0.14372167176876086,
    -0.14477557151012174,
    -0.14910488432890673,
    -0.11220430811456783,
    -0.1464201154182473,
    -0.13525613823419086,
    -0.14288422951734317,
    -0.14733908211118596
  ]
}