{
  "structure_acronym": "MB",
  "structure_id": 313,
  "fit_time": [
    425.8524236679077,
    431.8208751678467,
    433.21335768699646,
    432.1111249923706,
    427.1182014942169,
    423.96371030807495,
    427.85420179367065,
    425.09181904792786,
    424.8036758899689,
    428.55151557922363,
    428.80288553237915,
    429.6998555660248,
    433.44725823402405,
    427.74501299858093,
    426.3955934047699,
    425.47511625289917,
    428.30578541755676,
    429.63996720314026,
    430.0778896808624,
    425.796507358551,
    431.61118388175964,
    427.5518479347229,
    425.95134258270264,
    420.3285927772522,
    434.1939218044281,
    417.0401997566223,
    429.5386703014374,
    434.65165877342224,
    427.2749412059784,
    425.4848155975342,
    434.29066729545593,
    427.3866217136383,
    337.13642740249634,
    329.8961253166199,
    332.3370945453644,
    331.5641040802002,
    327.0009346008301,
    325.46268010139465
  ],
  "score_time": [
    2.1430423259735107,
    1.7703626155853271,
    2.2501392364501953,
    1.4046034812927246,
    1.0545783042907715,
    1.8450860977172852,
    1.3920717239379883,
    1.7019388675689697,
    1.946368932723999,
    1.7326364517211914,
    1.2787926197052002,
    1.9260616302490234,
    1.7116506099700928,
    1.7026348114013672,
    1.3389191627502441,
    1.0634801387786865,
    2.335726737976074,
    1.5180518627166748,
    1.6307458877563477,
    1.2262110710144043,
    1.8881897926330566,
    1.359375,
    1.259589433670044,
    1.8560538291931152,
    1.8567090034484863,
    2.0984208583831787,
    1.6557800769805908,
    1.6197254657745361,
    1.9815397262573242,
    1.7881805896759033,
    1.763521432876587,
    0.9043512344360352,
    1.2709853649139404,
    1.5912747383117676,
    0.44019651412963867,
    0.6192302703857422,
    1.217024803161621,
    1.0732290744781494
  ],
  "test_voxel": [
    -0.5673268731572146,
    -1.083178419710303,
    -1.4905098304043212,
    -0.8550703797095329,
    -0.3801389937624485,
    -0.8713885810471312,
    -0.5203266068956522,
    -1.2652298101224682,
    -0.502185135091722,
    -0.3898681729857713,
    -0.655324703597439,
    -1.0937680773490077,
    -1.0650278414773569,
    -1.198224253023432,
    -0.7721884994157289,
    -0.2858428474452943,
    -1.3734341897314897,
    -1.3205047062080078,
    -0.7211989589634349,
    -0.5729789516708805,
    -0.8368432882377348,
    -0.3807862817999742,
    -1.263972584392758,
    -0.5621329100135115,
    -1.3900374524425014,
    -1.6370517902279127,
    -1.8862130673255626,
    -0.522150299394401,
    -0.6500278655741397,
    -1.118802116348025,
    -0.6889076712225813,
    -0.5831863985371111,
    -0.463153321829211,
    -0.7666076814400946,
    -1.0916401654617374,
    -0.7506902028324127,
    -1.0179616576065065,
    -0.8182735371222519
  ],
  "train_voxel": [
    -0.09809605823562809,
    -0.10063416503959684,
    -0.10146270559095594,
    -0.14465112181496192,
    -0.14982055849765769,
    -0.0990499716112558,
    -0.07818662733132403,
    -0.07453726916911922,
    -0.1489468768362986,
    -0.1471698945354912,
    -0.10049662374355428,
    -0.08967582756496678,
    -0.10776715192372306,
    -0.09770738532926518,
    -0.09632113165693211,
    -0.14682421642244056,
    -0.10283837540656489,
    -0.08065005574260321,
    -0.0963585459076748,
    -0.09776710565098591,
    -0.10075812338965982,
    -0.09914725309642754,
    -0.08049239246185148,
    -0.09922544181276739,
    -0.10365717065890791,
    -0.10126733548490732,
    -0.08060971763389789,
    -0.0933244730621443,
    -0.14786403741601756,
    -0.10223758518640792,
    -0.09306637607605077,
    -0.09809817140912412,
    -0.09355916509347331,
    -0.0946948717292107,
    -0.09584668624852909,
    -0.10017277033428644,
    -0.09824274326079183,
    -0.10108172444941028
  ],
  "test_regional": [
    -0.2654970656541745,
    -0.41317189639102914,
    -0.3999054749695441,
    -0.09393735792111399,
    -0.06168173983749361,
    -0.3380073295415089,
    -0.27241584409793096,
    -0.34432569460484247,
    -0.11549197431544725,
    -0.1736753065172666,
    -0.10149219447045975,
    -0.46781866436305986,
    -0.4528902565788645,
    -0.23084881170318133,
    -0.8181879550294565,
    -0.07589021813077923,
    -0.4918258602621574,
    -0.5256974352370894,
    -0.47196003132525793,
    -0.251754974321257,
    -0.13025331152246256,
    -0.2235212401175699,
    -0.8167293409460622,
    -0.3394404493409953,
    -0.6516496860272497,
    -1.2964732510579602,
    -1.4541624254273984,
    -0.050648859213793224,
    -0.31944005424671473,
    -0.2684645359299194,
    -0.768962525788248,
    -0.4727061663793387,
    -0.22526065316521027,
    -0.1423204629113071,
    -0.35267607744574964,
    -0.3222501706788563,
    -0.4374106579618323,
    -0.3632847116986996
  ],
  "train_regional": [
    -0.04333935067867444,
    -0.045175231922373354,
    -0.04502465655449395,
    -0.06039630003088666,
    -0.06272092785140139,
    -0.044182114986960716,
    -0.03669817629854127,
    -0.03747883111462931,
    -0.06149167889965752,
    -0.06040908519668035,
    -0.04498846810163545,
    -0.04279848098501635,
    -0.048950065144071055,
    -0.04493376423373906,
    -0.037169871944957834,
    -0.06051462449284402,
    -0.04946339772211736,
    -0.03823050823266856,
    -0.040915065909272644,
    -0.04407696038764598,
    -0.045173444337406374,
    -0.04366137111526786,
    -0.03807198776899865,
    -0.04436635810138216,
    -0.04546397638100541,
    -0.044677737590948674,
    -0.035066348088074115,
    -0.04446648178733795,
    -0.0604140895642511,
    -0.045132045735300864,
    -0.033723984819196834,
    -0.04436722180412851,
    -0.04337053081031653,
    -0.04448326345758489,
    -0.04436655090851118,
    -0.04483658687646765,
    -0.04439891553498075,
    -0.0455567672879331
  ]
}