{
  "structure_acronym": "OLF",
  "structure_id": 698,
  "fit_time": [
    100.54846167564392,
    100.85667181015015,
    103.92535758018494,
    100.62186217308044,
    102.35727500915527,
    102.13875269889832,
    101.01530075073242,
    102.18316221237183,
    102.07364654541016,
    97.98759722709656,
    99.52630662918091,
    101.55824899673462,
    97.81082797050476,
    101.31325221061707,
    99.45918869972229,
    102.16124629974365,
    65.82957053184509,
    65.74852705001831,
    65.31414437294006,
    65.11135864257812,
    65.3487696647644
  ],
  "score_time": [
    1.2333216667175293,
    1.0138123035430908,
    1.025514841079712,
    0.8916208744049072,
    1.0431592464447021,
    0.8775694370269775,
    0.8573794364929199,
    0.951404333114624,
    0.5476410388946533,
    1.4223036766052246,
    0.9059422016143799,
    1.1535978317260742,
    1.1761457920074463,
    0.9499058723449707,
    0.9307777881622314,
    0.9605398178100586,
    0.7215888500213623,
    0.5319604873657227,
    0.45232152938842773,
    0.30962705612182617,
    0.24419260025024414
  ],
  "test_voxel": [
    -1.5681777827992713,
    -0.37416541362872785,
    -1.5039640766009525,
    -0.7343718365500725,
    -0.27326854884800605,
    -0.43382079806446483,
    -1.6355312740516665,
    -0.9481369211890477,
    -0.4819362432208422,
    -1.6370414013364076,
    -0.9754845480515939,
    -0.7589286772989396,
    -0.7396756107008112,
    -1.207177215525663,
    -0.40830441657490274,
    -0.5598569191099292,
    -1.7550943879721252,
    -0.8091506977017292,
    -0.627853750219253,
    -1.4016945266206289,
    -0.6698002210683227
  ],
  "train_voxel": [
    -0.2155477093719023,
    -0.28083916397981956,
    -0.26805640142646486,
    -0.3521334295282075,
    -0.2619735508946288,
    -0.2790703215581122,
    -0.2734650277327715,
    -0.2530939793727596,
    -0.2798094327293949,
    -0.272566290037583,
    -0.3442531623350906,
    -0.2678351199453596,
    -0.2182290870835319,
    -0.2765159703542751,
    -0.28726852057707436,
    -0.28641900464323866,
    -0.25953104719432585,
    -0.2784520387174269,
    -0.2638475790898518,
    -0.3068848832492802,
    -0.2655650621781004
  ],
  "test_regional": [
    -1.1227240717954272,
    -0.037485781977869746,
    -0.31862907774374793,
    -0.4871456910332107,
    -0.050972651260286536,
    -0.17668825539176233,
    -0.8627085221792375,
    -0.5076894939679749,
    -0.35628751527678115,
    -0.35795168865442045,
    -0.7291179405197213,
    -0.6252203540162992,
    -0.5837650527267075,
    -0.8710954478276113,
    -0.3209495459610117,
    -0.2036719836133389,
    -1.1949508119335057,
    -0.17690611243252818,
    -0.3061165815165443,
    -1.1116507436471028,
    -0.2673543205411376
  ],
  "train_regional": [
    -0.129737859522915,
    -0.1575957422201868,
    -0.1399583870419253,
    -0.1725855597312458,
    -0.12915118019009594,
    -0.14332207808485262,
    -0.14092231024255614,
    -0.11279854783865065,
    -0.14117418174549534,
    -0.14032191886698894,
    -0.17562956053859224,
    -0.14075863413366055,
    -0.11195823626327112,
    -0.14035828049260668,
    -0.15148390256823227,
    -0.15125650150965894,
    -0.1380590742320416,
    -0.1457582384567966,
    -0.13718423406348185,
    -0.16567971178626748,
    -0.14025001508481086
  ]
}