{
  "structure_acronym": "P",
  "structure_id": 771,
  "fit_time": [
    47.863224506378174,
    48.10899066925049,
    49.611063718795776,
    49.41660404205322,
    49.60757875442505,
    48.66891622543335,
    46.068164587020874,
    48.451687812805176,
    43.03802967071533,
    43.15860652923584,
    41.75434732437134,
    43.940216064453125,
    43.15105319023132,
    43.224280834198,
    41.691850423812866
  ],
  "score_time": [
    1.0191020965576172,
    1.1929278373718262,
    0.6242754459381104,
    0.6408658027648926,
    0.6766483783721924,
    0.874302864074707,
    1.3395366668701172,
    0.8265104293823242,
    1.2483460903167725,
    0.963592529296875,
    1.0825953483581543,
    0.26207470893859863,
    0.5527153015136719,
    0.47518348693847656,
    0.6882121562957764
  ],
  "test_voxel": [
    -1.3693855384690468,
    -0.5724591791598248,
    -0.499798071954396,
    -1.7757923547323686,
    -0.7334814961507373,
    -0.4937063268312372,
    -0.7831506672655743,
    -1.2343005424335516,
    -1.6948227242624405,
    -0.5230408198377827,
    -0.8590120184622714,
    -0.652513007945788,
    -1.61851225290465,
    -1.393533367863912,
    -0.6290913652681718
  ],
  "train_voxel": [
    -0.28817725581271453,
    -0.30196937028464776,
    -0.33036706766131,
    -0.19022225177564814,
    -0.2955284414451324,
    -0.31571279068075847,
    -0.2989930777728534,
    -0.31166443881987127,
    -0.3205301023011908,
    -0.3649107695529506,
    -0.30356992774884106,
    -0.2941189103892083,
    -0.2844211480974057,
    -0.28850303613458456,
    -0.310082491397506
  ],
  "test_regional": [
    -1.0664821333313081,
    -0.09600225378660747,
    -0.16952590814175045,
    -1.6807111637416376,
    -0.44381203574288913,
    -0.22883672371101482,
    -0.3522284374661466,
    -0.8563460056809756,
    -0.5234388877939875,
    -0.3014108020221886,
    -0.32705812669302453,
    -0.48158738482863744,
    -1.452220844326231,
    -1.38479405655597,
    -0.13259797157678696
  ],
  "train_regional": [
    -0.22262854311221253,
    -0.23653227148086658,
    -0.25824070869509497,
    -0.15345757768311405,
    -0.22428198409793723,
    -0.23905798022921357,
    -0.2320267125664723,
    -0.24511701963551202,
    -0.23587088086622476,
    -0.325208710047551,
    -0.23567808862183925,
    -0.22977886737763276,
    -0.20447431583779774,
    -0.21371110019971398,
    -0.2455758505695214
  ]
}