{
  "structure_acronym": "TH",
  "structure_id": 549,
  "fit_time": [
    513.7339324951172,
    510.43872809410095,
    515.4533309936523,
    516.2750618457794,
    509.7579493522644,
    513.1200287342072,
    513.804447889328,
    517.9957642555237,
    516.6369624137878,
    506.9252405166626,
    516.6043567657471,
    512.7903506755829,
    518.6350653171539,
    510.2025237083435,
    516.8009126186371,
    511.7357597351074,
    514.2989437580109,
    521.2393822669983,
    504.2443447113037,
    507.8184082508087,
    522.7561738491058,
    513.3664798736572,
    512.3268284797668,
    514.4126727581024,
    515.4069626331329,
    511.2210237979889,
    511.70657682418823,
    521.1234650611877,
    514.7637050151825,
    509.4187378883362,
    518.2240314483643,
    516.150288105011,
    513.3033952713013,
    510.82857394218445,
    510.5926260948181,
    515.7752425670624,
    514.6276371479034,
    506.08184933662415,
    511.5097894668579,
    511.0460214614868,
    213.29813838005066,
    215.50137424468994,
    215.66109943389893
  ],
  "score_time": [
    1.7477424144744873,
    2.3649401664733887,
    1.6355483531951904,
    1.3858609199523926,
    1.184128999710083,
    1.5554389953613281,
    1.730597734451294,
    1.1187236309051514,
    1.9612929821014404,
    2.014531373977661,
    1.7607860565185547,
    1.8001172542572021,
    1.6987946033477783,
    1.9104852676391602,
    1.8744118213653564,
    1.700244426727295,
    2.066253900527954,
    1.9304273128509521,
    2.39713191986084,
    1.6191861629486084,
    2.2946977615356445,
    1.9154095649719238,
    1.908576250076294,
    1.707188606262207,
    1.8977994918823242,
    1.6263864040374756,
    1.8628838062286377,
    1.7259140014648438,
    2.031790256500244,
    1.6180062294006348,
    2.330349922180176,
    1.906092882156372,
    1.539154291152954,
    1.5983176231384277,
    1.7010860443115234,
    1.4447383880615234,
    1.8127028942108154,
    1.8163213729858398,
    1.1946861743927002,
    1.1591577529907227,
    0.7103567123413086,
    0.569566011428833,
    0.34941673278808594
  ],
  "test_voxel": [
    -1.8096646830832899,
    -1.670623868004987,
    -1.349637418346219,
    -1.5383531602219693,
    -0.48801274956076285,
    -1.031958228197064,
    -0.7547262129073974,
    -0.6330359343586187,
    -1.4222142783730174,
    -0.8104454940505662,
    -1.9338405958369014,
    -0.9892715991448298,
    -1.7495133370438956,
    -1.0468971387558406,
    -1.3990756576460028,
    -0.6817703869411799,
    -1.5273026785009145,
    -1.019609649603907,
    -0.6714665110628503,
    -0.480807156746018,
    -0.6646146104623885,
    -1.2877646184430391,
    -1.6385067302211886,
    -0.6555269887141653,
    -1.0399731472897633,
    -0.7683970116978608,
    -0.9496320627021988,
    -1.019102573046318,
    -1.6673736375234278,
    -1.1270328060281243,
    -0.7234340313893819,
    -1.1265294901708023,
    -1.1117218551383299,
    -1.5532062808403968,
    -1.0939805607864295,
    -1.2835186738797644,
    -1.9184574753776171,
    -0.891889062061185,
    -0.8302195569175239,
    -1.3769327323722391,
    -0.6809444743557671,
    -1.6280215157825697,
    -0.628980071491944
  ],
  "train_voxel": [
    -0.10911299687280754,
    -0.11212790581732626,
    -0.10104294827992015,
    -0.10310298336175035,
    -0.1025449270657803,
    -0.10097529821828381,
    -0.10387216570111682,
    -0.10441351885841893,
    -0.10569719243123547,
    -0.09842920228913887,
    -0.11814248245371933,
    -0.10032014419571772,
    -0.10736441759937156,
    -0.10346802466208728,
    -0.10630959723245764,
    -0.09901748827343854,
    -0.10415229844923031,
    -0.1015962555378091,
    -0.10430479285148472,
    -0.10313253552522735,
    -0.10575574475648927,
    -0.11370473801816358,
    -0.1006751918893706,
    -0.10546395144324457,
    -0.10012870058584931,
    -0.10457277326775925,
    -0.09524660897519836,
    -0.10161483722492241,
    -0.10483723480640242,
    -0.10497943066144941,
    -0.10366212134599964,
    -0.10261355367764712,
    -0.10360280821457131,
    -0.10822542637412523,
    -0.1040385533116253,
    -0.10404255164640791,
    -0.12226868653985759,
    -0.10235480626907059,
    -0.106655830509166,
    -0.11215237296769304,
    -0.10305981423204842,
    -0.10812328331039567,
    -0.10240642710186394
  ],
  "test_regional": [
    -0.8737846127535156,
    -1.145564749919426,
    -1.171485099264078,
    -1.4551198968087842,
    -0.26179684774071676,
    -1.6644818533308172,
    -0.4813063707478675,
    -0.4531984454464714,
    -0.8687739839739528,
    -0.3262991166821617,
    -1.852622436830481,
    -0.8052039737232173,
    -0.9283488592791604,
    -1.4503353684077793,
    -0.40837343116479,
    -0.039514192625856266,
    -1.0802237124762626,
    -0.756419526733969,
    -0.3638457577325567,
    -0.04445993070077452,
    -0.2648005575463883,
    -0.5240103683757155,
    -1.4162175725733264,
    -0.10221885261423803,
    -0.6676107672101423,
    -0.25011661784748207,
    -0.2152799489331732,
    -1.3395423280273615,
    -1.3117201361705995,
    -1.0570314188401064,
    -0.13914659695141132,
    -0.46587483262437474,
    -0.9952575316146942,
    -1.339768656160051,
    -1.4376971584566878,
    -0.4333557437311206,
    -1.3693960068848063,
    -0.49719898819103914,
    -0.2976866652362593,
    -0.5891725572654498,
    -0.35679525000542994,
    -0.770109866052431,
    -0.25554553590122225
  ],
  "train_regional": [
    -0.08428278886655449,
    -0.09919417957087921,
    -0.08076078605302173,
    -0.07893946177266893,
    -0.07936632950110513,
    -0.06607472139245336,
    -0.07789460132963817,
    -0.08091489878405689,
    -0.08267389487296142,
    -0.07740415967976823,
    -0.09414374823083028,
    -0.07889692722150904,
    -0.08358501485790344,
    -0.07514233619291967,
    -0.0834968681968216,
    -0.07824124793128101,
    -0.081815166048675,
    -0.08080105021510683,
    -0.08184888767224655,
    -0.08290445595976588,
    -0.08275205670986105,
    -0.08582782360974617,
    -0.07811743719370917,
    -0.08256812355123179,
    -0.07784813689880479,
    -0.08152093351252222,
    -0.08172482953023605,
    -0.0677903622542412,
    -0.08122106980354568,
    -0.08260131338569447,
    -0.08152045478567865,
    -0.08199121970246762,
    -0.0812454020415335,
    -0.08357634627529824,
    -0.07323274875564297,
    -0.08178800241613818,
    -0.09126538178327165,
    -0.07909802873347563,
    -0.08339138682510501,
    -0.08475814656859154,
    -0.08087552463355548,
    -0.08442257599403163,
    -0.0813622752064609
  ]
}