{
  "structure_acronym": "HPF",
  "structure_id": 1089,
  "fit_time": [
    5.996752738952637,
    6.925671815872192,
    7.906199216842651,
    7.645624399185181,
    7.384855270385742,
    7.377825975418091,
    7.992572546005249,
    7.58021092414856,
    6.683438777923584,
    7.4725260734558105,
    7.76914644241333,
    7.782596111297607,
    8.152968168258667,
    7.17799973487854,
    7.679203748703003,
    7.729501962661743,
    7.0101423263549805,
    6.500802278518677,
    8.138936042785645,
    8.241697311401367,
    7.367911338806152,
    7.640448331832886,
    7.345368146896362,
    7.335860013961792,
    6.692594766616821,
    6.920251846313477,
    8.580943822860718,
    8.238890409469604,
    7.8357250690460205,
    8.341880559921265,
    8.400825500488281,
    7.945900917053223,
    7.625005722045898,
    9.010690689086914,
    8.006122589111328,
    8.901819944381714,
    9.730068683624268,
    7.13578462600708,
    10.370175838470459,
    8.68903136253357,
    5.529024839401245,
    5.572529077529907,
    4.069885492324829
  ],
  "score_time": [
    1.6730849742889404,
    1.9390904903411865,
    1.4459571838378906,
    1.0455782413482666,
    1.3047475814819336,
    1.4403088092803955,
    1.3627815246582031,
    1.1885888576507568,
    2.141641855239868,
    1.2851195335388184,
    1.3784432411193848,
    1.4446079730987549,
    0.977433443069458,
    1.2584736347198486,
    1.1473064422607422,
    1.4366860389709473,
    2.1967525482177734,
    1.6018915176391602,
    1.068326711654663,
    0.6653938293457031,
    1.2436258792877197,
    0.9128434658050537,
    1.0634968280792236,
    1.0956993103027344,
    2.0218443870544434,
    1.5391356945037842,
    1.0845744609832764,
    0.9852192401885986,
    1.0126063823699951,
    0.94891357421875,
    1.1765272617340088,
    0.968684196472168,
    2.1001484394073486,
    1.3245675563812256,
    1.6840636730194092,
    1.8570208549499512,
    1.327744722366333,
    1.806997537612915,
    1.4275388717651367,
    1.052539348602295,
    0.8560779094696045,
    0.7477595806121826,
    0.49201321601867676
  ],
  "test_voxel": [
    -1.6730199750332573,
    -1.297427578024235,
    -0.3998552916000539,
    -0.2617111686370162,
    -0.5483811699614535,
    -0.6485835689500871,
    -0.7147839847436412,
    -1.4611447226014584,
    -1.3277131173827228,
    -1.8500020111942574,
    -0.31489421156486547,
    -0.7110723502894802,
    -0.20364725144901466,
    -1.73461528475717,
    -1.0904669826792692,
    -0.25295465672991024,
    -1.3408418063460437,
    -0.7474184600397706,
    -0.593797750897459,
    -1.6397229737588745,
    -0.3447361162259677,
    -1.313719966720932,
    -0.5699222929045976,
    -0.9775696183741859,
    -1.6334609832941605,
    -0.4402247224305388,
    -0.2781531912172399,
    -0.3228493453509838,
    -0.18116400862251997,
    -1.8542446073319672,
    -0.8278655624640903,
    -0.6328117280922665,
    -1.1325124521457886,
    -1.1633848588624587,
    -1.9084501267874279,
    -0.9915900811673837,
    -0.306279934526797,
    -0.4219850170050818,
    -1.4240504792268045,
    -0.3955285975196852,
    -0.557949181999714,
    -1.4464404192921925,
    -1.622623080011356
  ],
  "train_voxel": [
    -0.21200561361544826,
    -0.20438982665725328,
    -0.20495721966462635,
    -0.20651664205964182,
    -0.20655846784201454,
    -0.20703987896483406,
    -0.3150986525838095,
    -0.20228225711076034,
    -0.19924719463257634,
    -0.20904530157412723,
    -0.20525221142085737,
    -0.206262833160733,
    -0.20623159280899245,
    -0.20736828362990709,
    -0.08665309211284117,
    -0.2083484288310119,
    -0.20045005751133643,
    -0.19872123937263858,
    -0.20310769828775677,
    -0.2032172868650403,
    -0.20750022139923682,
    -0.20367429853429495,
    -0.20412876867627752,
    -0.21257589618317765,
    -0.20696521706956617,
    -0.20658326039629527,
    -0.20638962567226773,
    -0.2044766323332059,
    -0.20623060825332085,
    -0.21030543128078655,
    -0.20775133505455767,
    -0.20595943304602962,
    -0.20257594427894648,
    -0.20300062557684004,
    -0.20584932991974395,
    -0.20504354621544754,
    -0.20585977114120024,
    -0.2066157219203549,
    -0.12027495451946518,
    -0.20743922289962163,
    -0.21717171497838028,
    -0.20673204969539183,
    -0.20211277284485119
  ],
  "test_regional": [
    -0.81278847860266,
    -1.0835935280047175,
    -0.354617719850572,
    -0.1163771202956423,
    -0.035230593615861894,
    -0.154923734907134,
    -0.5151019503074761,
    -0.5755952381287088,
    -0.5397084329100663,
    -1.7437685363453517,
    -0.17153191146709965,
    -0.5172911181029677,
    -0.023727013809057236,
    -1.0248547481000245,
    -0.9509584350594956,
    -0.060982467894203175,
    -0.9597618846018106,
    -0.6291966463153591,
    -0.5077774821732304,
    -1.2348695379507262,
    -0.12574695018006268,
    -1.196315870990233,
    -0.1961703924260477,
    -0.5226880748953574,
    -1.2057884825077445,
    -0.19309329051010093,
    -0.16767934168558843,
    -0.014890982233206593,
    -0.09379409536241125,
    -1.7438533801850271,
    -0.25871192758552825,
    -0.1742448863697496,
    -0.27166918859881756,
    -0.0868464012753145,
    -1.6516468879590986,
    -0.38745476809032875,
    -0.07745707508832408,
    -0.11899414862303025,
    -1.3893418495772227,
    -0.14672304152612195,
    -0.28024884685628976,
    -0.7985096718560927,
    -0.9695804463317952
  ],
  "train_regional": [
    -0.17352120047784128,
    -0.17229444240113373,
    -0.17331307037116975,
    -0.1761717824613256,
    -0.17868939370217243,
    -0.17410340780666655,
    -0.25446962195600265,
    -0.1735028979787306,
    -0.17410661736154265,
    -0.17470904363972906,
    -0.17334718941345859,
    -0.1740121432289344,
    -0.17384070708688498,
    -0.1726907508536399,
    -0.04721378790910531,
    -0.18361460215181122,
    -0.1715177005205923,
    -0.16981835331091913,
    -0.17096690795070987,
    -0.1731441297819894,
    -0.1752436881991146,
    -0.17211365154450745,
    -0.17426204711216986,
    -0.18190007749336395,
    -0.1733094999583209,
    -0.1743859941018002,
    -0.1738981959765014,
    -0.17963053660299028,
    -0.17357370829139032,
    -0.17489105045189476,
    -0.17518203242015415,
    -0.1735906310719068,
    -0.1730310830078055,
    -0.17362732457708957,
    -0.17349805633692938,
    -0.17332568044598437,
    -0.17358622555506692,
    -0.1740428472777889,
    -0.04015827650425186,
    -0.17515831748357794,
    -0.18641814570890902,
    -0.17370419475534665,
    -0.17322960548036032
  ]
}