{
  "structure_acronym": "Isocortex",
  "structure_id": 315,
  "fit_time": [
    26.23641848564148,
    27.316160678863525,
    28.677829027175903,
    29.71363353729248,
    30.58556842803955,
    29.93164348602295,
    30.30854845046997,
    29.491597890853882,
    27.562391757965088,
    27.431727170944214,
    28.941707134246826,
    27.860718488693237,
    29.570394039154053,
    29.010042428970337,
    29.43277907371521,
    28.101908206939697,
    29.084327459335327,
    27.605512619018555,
    31.12694764137268,
    29.19302725791931,
    29.328924417495728,
    29.624011278152466,
    29.174448251724243,
    29.316041469573975,
    29.110498428344727,
    31.0230610370636,
    31.675376653671265,
    31.806056022644043,
    27.92454195022583,
    29.95622205734253,
    28.151056051254272,
    28.61550498008728,
    28.375023126602173,
    30.761062145233154,
    29.48458957672119,
    30.486917734146118,
    28.646113634109497,
    28.02227210998535,
    28.79293704032898,
    29.092013597488403,
    25.32715368270874,
    26.581313133239746,
    25.86637806892395,
    26.64200210571289,
    26.863298892974854,
    26.146432638168335,
    26.07185125350952,
    26.20122456550598,
    26.159278392791748,
    27.113773822784424,
    24.902974843978882,
    26.600549459457397,
    26.927436590194702,
    25.265835285186768,
    25.736818313598633,
    26.31238627433777,
    25.8822603225708,
    25.947450876235962,
    25.635260343551636,
    25.387764930725098,
    25.188523769378662,
    26.304775714874268,
    25.944839000701904,
    26.253225326538086,
    26.26453685760498,
    25.878156661987305,
    25.75152039527893,
    25.158942699432373,
    25.205689668655396,
    26.710845470428467,
    25.537712812423706,
    25.695292472839355,
    25.196285724639893,
    26.218595266342163,
    24.975670337677002,
    26.588500499725342,
    25.1023108959198,
    24.37095284461975,
    26.063326358795166,
    25.48039221763611,
    25.197598457336426,
    26.82599186897278,
    25.13625454902649,
    28.21389389038086,
    25.675360441207886,
    25.453693628311157,
    25.526714086532593,
    25.28483748435974,
    26.78897762298584,
    24.8323655128479,
    24.868416786193848,
    27.39575982093811,
    25.604966163635254,
    25.598695516586304,
    26.602392435073853,
    24.725088119506836,
    25.861611366271973,
    26.794265508651733,
    25.18555998802185,
    25.734556198120117,
    26.04783868789673,
    26.09004807472229,
    26.150620937347412,
    24.95640802383423,
    26.96242380142212,
    26.026928663253784,
    25.00232243537903,
    26.229971647262573,
    25.897363424301147,
    26.02890110015869,
    26.531498908996582,
    25.16003131866455,
    24.99522304534912,
    25.84591841697693,
    26.14441967010498,
    25.819361209869385,
    26.562055587768555,
    26.468308448791504,
    25.5585458278656,
    26.679938077926636,
    22.09315538406372,
    20.982167720794678,
    20.32793617248535,
    20.680009126663208,
    20.29784107208252,
    18.966373920440674
  ],
  "score_time": [
    2.9428627490997314,
    2.205577850341797,
    2.4680209159851074,
    2.3994321823120117,
    2.0142383575439453,
    1.863004446029663,
    1.501509666442871,
    1.8015615940093994,
    2.3508739471435547,
    2.6502127647399902,
    2.9898416996002197,
    2.0060439109802246,
    1.6830241680145264,
    2.321401357650757,
    1.9324414730072021,
    1.5948660373687744,
    1.9270548820495605,
    2.5277745723724365,
    1.6377842426300049,
    3.018604278564453,
    2.4115476608276367,
    2.081446647644043,
    1.9617159366607666,
    2.0548412799835205,
    2.774881601333618,
    2.901153326034546,
    2.5578768253326416,
    2.3968889713287354,
    2.1914501190185547,
    2.068173885345459,
    2.043520450592041,
    1.965688705444336,
    2.2421250343322754,
    1.9382574558258057,
    2.4048104286193848,
    1.9225850105285645,
    2.301772356033325,
    1.6768767833709717,
    1.9701733589172363,
    2.2602813243865967,
    2.215965747833252,
    1.6618146896362305,
    2.1885626316070557,
    1.89235258102417,
    2.031325578689575,
    2.1830668449401855,
    1.5012471675872803,
    2.283691167831421,
    2.301176071166992,
    2.2640390396118164,
    1.7949299812316895,
    2.235004425048828,
    2.579580783843994,
    2.231309652328491,
    2.3856101036071777,
    2.3490662574768066,
    2.244443893432617,
    1.7541322708129883,
    2.3422183990478516,
    1.89760160446167,
    2.4964163303375244,
    2.0978567600250244,
    2.657634973526001,
    1.5624208450317383,
    2.557321548461914,
    2.006234645843506,
    1.9211409091949463,
    1.7298767566680908,
    2.0498054027557373,
    2.28592586517334,
    1.933607578277588,
    1.6012277603149414,
    2.4204626083374023,
    1.8953096866607666,
    2.0770535469055176,
    2.3436429500579834,
    1.8753142356872559,
    2.238584280014038,
    1.6551401615142822,
    2.330064535140991,
    2.374915361404419,
    2.5859122276306152,
    2.0379204750061035,
    1.9007112979888916,
    2.585017204284668,
    2.3256773948669434,
    1.9398844242095947,
    2.3035995960235596,
    2.0853264331817627,
    1.989919662475586,
    2.308983325958252,
    1.6301710605621338,
    2.08353853225708,
    2.1441919803619385,
    1.8922033309936523,
    2.310553789138794,
    1.9865200519561768,
    2.5796823501586914,
    2.0457053184509277,
    2.1706900596618652,
    1.866772174835205,
    1.924494981765747,
    1.421262264251709,
    2.5016956329345703,
    2.1667351722717285,
    2.382891893386841,
    1.9416916370391846,
    2.165508270263672,
    1.7322959899902344,
    1.9846773147583008,
    1.8792197704315186,
    1.8311667442321777,
    2.2209560871124268,
    2.370609998703003,
    2.1062920093536377,
    2.2930827140808105,
    1.752791404724121,
    2.210448980331421,
    2.138981342315674,
    2.057938575744629,
    1.4446194171905518,
    1.396521806716919,
    2.077357769012451,
    1.0352234840393066,
    1.1009149551391602,
    1.2604856491088867
  ],