{
  "structure_acronym": "MB",
  "structure_id": 313,
  "fit_time": [
    5.557285785675049,
    6.567705869674683,
    6.651644229888916,
    6.130981922149658,
    6.862617254257202,
    6.3164918422698975,
    6.825437545776367,
    7.327271938323975,
    7.039876699447632,
    7.056964635848999,
    7.097156763076782,
    7.366491794586182,
    6.501374244689941,
    6.48581862449646,
    7.263471364974976,
    6.462973594665527,
    5.892270565032959,
    6.91475772857666,
    6.436155319213867,
    7.310598611831665,
    6.770213603973389,
    7.386841297149658,
    6.2522125244140625,
    6.3580193519592285,
    5.924064636230469,
    7.343292236328125,
    6.352946758270264,
    5.846070766448975,
    7.292563438415527,
    7.131204605102539,
    6.753964424133301,
    7.510650157928467,
    5.693790912628174,
    5.341852188110352,
    5.200747489929199,
    5.322447776794434,
    5.303277492523193,
    5.023674488067627
  ],
  "score_time": [
    1.9949142932891846,
    1.5754787921905518,
    1.6018123626708984,
    1.1659042835235596,
    1.6446382999420166,
    1.4046223163604736,
    1.2910666465759277,
    0.9877035617828369,
    1.2333076000213623,
    1.404299020767212,
    1.2101092338562012,
    1.6909680366516113,
    1.2610177993774414,
    1.1830260753631592,
    1.224501132965088,
    0.8119757175445557,
    1.7163336277008057,
    1.31817626953125,
    1.6020216941833496,
    1.2779920101165771,
    1.6129777431488037,
    1.1590864658355713,
    1.0604169368743896,
    1.0605807304382324,
    2.046018123626709,
    1.1338849067687988,
    1.5939347743988037,
    1.553966999053955,
    1.1173880100250244,
    0.825636625289917,
    1.287658929824829,
    1.0627198219299316,
    1.211735486984253,
    1.0596647262573242,
    1.1333370208740234,
    1.0254795551300049,
    0.996793270111084,
    0.8177812099456787
  ],
  "test_voxel": [
    -0.5814867948372539,
    -1.1049124027091828,
    -1.4807263068631717,
    -0.9161183575134658,
    -0.5129955460875897,
    -0.9224810919575698,
    -0.6795874857567776,
    -1.290246930323587,
    -0.6400691248753005,
    -0.4814381286752839,
    -0.6964054105757796,
    -1.1099678109727384,
    -1.0642138341697434,
    -1.3993147642745452,
    -0.9584150564415652,
    -0.3515364310165411,
    -1.4327541099844368,
    -0.9461515790510209,
    -0.7700146879051009,
    -0.6905229273703875,
    -0.8204947466249178,
    -0.4119781959585303,
    -1.1670706468617171,
    -0.5585507125397866,
    -1.4181028007600156,
    -1.5896534457492222,
    -1.4575745574799002,
    -0.6366731372544189,
    -0.665638460983295,
    -1.165849041633208,
    -0.5312437628871676,
    -0.5560822541732479,
    -0.45506418301038043,
    -0.5739759504339134,
    -1.1245506471148319,
    -0.6987855115506542,
    -0.9839865312607166,
    -0.7737299953716734
  ],
  "train_voxel": [
    -0.32836686978390567,
    -0.3308289678264528,
    -0.33284027212847445,
    -0.3301579528503972,
    -0.3353002942721178,
    -0.3312578636699321,
    -0.33278690408955663,
    -0.12045177228244039,
    -0.33313437463218554,
    -0.333954917938298,
    -0.33005095559029146,
    -0.32112392122635336,
    -0.34585560886112093,
    -0.3214964504996823,
    -0.3339667329669909,
    -0.3306866472120282,
    -0.15960187185838423,
    -0.324853006500378,
    -0.32548352312902934,
    -0.33152444100744033,
    -0.32911544991458663,
    -0.3249051076088965,
    -0.324441299849725,
    -0.3340206666938039,
    -0.32041088378644766,
    -0.3399841670138715,
    -0.3293096790074333,
    -0.31938662384774824,
    -0.33241702422228137,
    -0.3321161191286457,
    -0.32863391823538934,
    -0.3343481947959389,
    -0.32788506499159337,
    -0.33006832527597396,
    -0.33099216766500694,
    -0.32915186479323005,
    -0.33420693885197833,
    -0.3351603877129703
  ],
  "test_regional": [
    -0.22615037193442314,
    -0.29983571862760483,
    -0.4821636024596267,
    -0.1155192085206525,
    -0.13527887224864663,
    -0.5285638454366073,
    -0.3674894775299229,
    -0.3782348170139003,
    -0.19708507641306938,
    -0.23400859200938667,
    -0.07859146968715768,
    -0.4789888591234516,
    -0.52766990613531,
    -0.2308644554262732,
    -0.8100061720633235,
    -0.126865376182472,
    -0.6175441282067857,
    -0.16652666823221748,
    -0.4711649328036542,
    -0.36676115550495453,
    -0.0910773352304789,
    -0.25632722003123853,
    -0.6440938015531229,
    -0.4297901542792798,
    -0.6706683880205482,
    -1.1253472538014682,
    -0.745400110906374,
    -0.11732919399312307,
    -0.23619652162907598,
    -0.28228227989849936,
    -0.5708064564001655,
    -0.3968292338971359,
    -0.18901791786836908,
    -0.13536983792669027,
    -0.31385177385321766,
    -0.2098640020771908,
    -0.5048041679877238,
    -0.32545854220033105
  ],
  "train_regional": [
    -0.13213195017780752,
    -0.1341773412602865,
    -0.1341484894851697,
    -0.1342762845072811,
    -0.13663730437715668,
    -0.13192495160315662,
    -0.13158424110980999,
    -0.050318495869385985,
    -0.13397933411736518,
    -0.1348028767373811,
    -0.13329493312270593,
    -0.13112559502611135,
    -0.13939063910661847,
    -0.13373499446057532,
    -0.1239306566220631,
    -0.13322064607875883,
    -0.06239067811924503,
    -0.12846472998584413,
    -0.1277620331302127,
    -0.1330828061084205,
    -0.13400802805570933,
    -0.12678071089020068,
    -0.12480278457100137,
    -0.1336115167310293,
    -0.12980486555248066,
    -0.13523416383547174,
    -0.130309619798651,
    -0.13381992428898323,
    -0.13349182856639866,
    -0.13390164622992487,
    -0.12065942386894633,
    -0.1341353451079987,
    -0.13358740451109466,
    -0.13389631131710028,
    -0.13402198997291406,
    -0.13071778755477262,
    -0.133725671451984,
    -0.13454911217675872
  ]
}