{
  "structure_acronym": "OLF",
  "structure_id": 698,
  "fit_time": [
    2.9805376529693604,
    3.242032527923584,
    3.3262171745300293,
    3.4831831455230713,
    3.404296398162842,
    3.5109012126922607,
    3.5449252128601074,
    3.7306313514709473,
    3.125864028930664,
    3.537461519241333,
    3.6981780529022217,
    3.3139708042144775,
    3.534003496170044,
    3.6748909950256348,
    3.438080072402954,
    3.2533276081085205,
    1.954237461090088,
    2.002835988998413,
    2.3537166118621826,
    1.9737699031829834,
    2.289320468902588
  ],
  "score_time": [
    0.9997239112854004,
    1.0930991172790527,
    0.9616246223449707,
    0.9835605621337891,
    0.8259627819061279,
    0.9118926525115967,
    0.9571521282196045,
    0.8270590305328369,
    1.3451025485992432,
    0.9601931571960449,
    0.7298309803009033,
    0.9972395896911621,
    0.8691115379333496,
    0.6717174053192139,
    0.8334023952484131,
    0.7645242214202881,
    0.5574982166290283,
    0.5568926334381104,
    0.45857691764831543,
    0.4677143096923828,
    0.5050392150878906
  ],
  "test_voxel": [
    -0.9919770420065969,
    -0.39564780359064866,
    -1.5262278379294876,
    -0.7386350242496083,
    -0.3481185756407156,
    -0.4081947981552146,
    -1.6433306711766549,
    -0.47130960581694,
    -0.4513198298066875,
    -1.6136014533661114,
    -0.40272795627205193,
    -0.8004891563606483,
    -0.55428509665798,
    -1.1279709532671574,
    -0.33476047205639675,
    -0.3990051462531408,
    -1.7629246915414383,
    -0.8288150444504087,
    -0.5508841130973292,
    -1.14346970299492,
    -0.6501160305371144
  ],
  "train_voxel": [
    -0.1407170488042204,
    -0.1717537813763046,
    -0.167128500570009,
    -0.15065359161093433,
    -0.17017626943674036,
    -0.17666731639757113,
    -0.17272212586581032,
    -0.1846964768881566,
    -0.1753175328483137,
    -0.1703396933649804,
    -0.1643636997588439,
    -0.156153006225595,
    -0.17507018183973058,
    -0.16591517827138716,
    -0.17732919914907702,
    -0.18299067805870817,
    -0.1517922632051402,
    -0.16695554669830653,
    -0.16295742082769205,
    -0.13366462224415143,
    -0.16251104970103905
  ],
  "test_regional": [
    -0.3377258283005128,
    -0.054720824019238876,
    -0.4960200565150847,
    -0.505708800845927,
    -0.14787897328791225,
    -0.19320061728882698,
    -0.8596912121295748,
    -0.038500200428949825,
    -0.38066615932046904,
    -0.2875988537796025,
    -0.07304436932600916,
    -0.6784012006874784,
    -0.39767059232465873,
    -0.7487158540523308,
    -0.18737103779753483,
    -0.059899324786337006,
    -1.406907691018738,
    -0.16274034623598843,
    -0.20822481510467064,
    -1.1171981181426867,
    -0.2740084533269539
  ],
  "train_regional": [
    -0.06127482425790477,
    -0.07226402819978131,
    -0.06500397988068321,
    -0.046941572475421904,
    -0.0634055626736683,
    -0.06638597663197819,
    -0.06546109816018976,
    -0.07264811428480532,
    -0.06401757740996712,
    -0.06573397735937493,
    -0.06416907772639109,
    -0.04825828881521683,
    -0.06264342532197092,
    -0.06282339912095981,
    -0.06809999985746873,
    -0.0773077629061016,
    -0.06540449357760551,
    -0.06482474825667317,
    -0.0629252578525603,
    -0.051215944719317646,
    -0.06376009139419056
  ]
}