{
  "structure_acronym": "PAL",
  "structure_id": 803,
  "fit_time": [
    0.6080241203308105,
    0.8730802536010742,
    0.9379267692565918,
    0.9087612628936768,
    0.9244875907897949,
    0.7417504787445068,
    0.9032294750213623
  ],
  "score_time": [
    0.7788271903991699,
    0.6292049884796143,
    0.6046321392059326,
    0.625051736831665,
    0.515413761138916,
    0.5213441848754883,
    0.3368339538574219
  ],
  "test_voxel": [
    -0.574467622381603,
    -1.234526417104599,
    -0.7136252861916347,
    -0.9969126218623464,
    -1.5128516464589028,
    -0.7331738538857119,
    -0.7178888661375936
  ],
  "train_voxel": [
    -0.3574656143149421,
    -0.1648107095693476,
    -0.021991199563153232,
    -0.20462674757285038,
    -0.08112757877757165,
    -0.1363034295001965,
    -0.020078515310215424
  ],
  "test_regional": [
    -0.21415123531579947,
    -0.24859706680611632,
    -0.633065981020968,
    -0.26188686699918706,
    -1.0097370484964454,
    -0.17802038295210845,
    -0.5923753995955195
  ],
  "train_regional": [
    -0.1851383525430933,
    -0.0948031161474952,
    -0.003434242025850078,
    -0.11204212220600555,
    -0.046488118647647264,
    -0.06980102678175128,
    -0.002542058037529761
  ]
}