{
  "structure_acronym": "TH",
  "structure_id": 549,
  "fit_time": [
    5.898425817489624,
    6.891550064086914,
    7.714293718338013,
    8.17021131515503,
    8.537092208862305,
    8.315381050109863,
    7.8608269691467285,
    7.796929597854614,
    7.885841369628906,
    7.740852117538452,
    7.94746994972229,
    8.202303171157837,
    7.042590141296387,
    7.823292016983032,
    8.208672761917114,
    7.714567422866821,
    7.940119504928589,
    7.887972354888916,
    7.489573955535889,
    8.673782587051392,
    8.297834873199463,
    7.953800439834595,
    7.71892237663269,
    7.515147686004639,
    7.117732286453247,
    6.977843761444092,
    7.209611415863037,
    7.761712074279785,
    8.0146644115448,
    8.209544897079468,
    8.422590970993042,
    7.090349912643433,
    7.838887691497803,
    7.427008390426636,
    7.629678010940552,
    7.495937347412109,
    8.120079755783081,
    8.133897542953491,
    6.998664379119873,
    7.735294818878174,
    4.455197811126709,
    4.336286544799805,
    4.081595420837402
  ],
  "score_time": [
    2.3779900074005127,
    1.8265466690063477,
    1.947239637374878,
    1.5008628368377686,
    1.0082356929779053,
    0.9208548069000244,
    0.9077084064483643,
    1.3890047073364258,
    1.583855390548706,
    1.7805290222167969,
    1.340097188949585,
    1.2185704708099365,
    1.6787075996398926,
    1.1522562503814697,
    1.5812883377075195,
    1.7739768028259277,
    1.868567943572998,
    1.6183335781097412,
    1.230147361755371,
    1.5381042957305908,
    1.2940797805786133,
    1.28387451171875,
    1.2473993301391602,
    1.088176965713501,
    1.4144868850708008,
    1.0733964443206787,
    1.3837463855743408,
    1.3021228313446045,
    1.2712299823760986,
    1.0604031085968018,
    0.9319295883178711,
    1.2400147914886475,
    1.633371353149414,
    1.3997232913970947,
    1.8068819046020508,
    1.4536995887756348,
    0.9927308559417725,
    1.2343690395355225,
    1.5249760150909424,
    1.4048802852630615,
    0.44712328910827637,
    0.4761464595794678,
    0.5306539535522461
  ],
  "test_voxel": [
    -1.8244306328886846,
    -1.6833378466992968,
    -1.414149712727055,
    -1.2317128323786923,
    -0.517372609932451,
    -1.038476593775359,
    -1.6413198085187224,
    -0.927911264883042,
    -1.4091928608470672,
    -0.9970157795006284,
    -1.9369099434639254,
    -0.7295969288254814,
    -1.773910962335757,
    -0.9908512410114936,
    -1.5905936127905356,
    -0.7007553902226167,
    -1.4772424152236108,
    -0.8436732227168819,
    -0.6509467146104801,
    -0.5125596409415828,
    -0.6087145922634088,
    -1.288290209303325,
    -1.5346335951894994,
    -0.6478753902709158,
    -1.0132932798263181,
    -0.7688109198082335,
    -0.7585303731346148,
    -0.9616916677349024,
    -1.708933249713612,
    -1.1286498324669936,
    -0.7257347652161711,
    -1.0446753547569363,
    -0.936859657415801,
    -1.9297417220342286,
    -1.1425331874117677,
    -1.3131915212071354,
    -1.9244898333983471,
    -0.8733483860465427,
    -0.8074582879321733,
    -1.3779220618007875,
    -0.7008043243734702,
    -1.5950754468216444,
    -0.8062219292128211
  ],
  "train_voxel": [
    -0.051843824275138096,
    -0.14355817731639192,
    -0.14266157824948714,
    -0.15384181043610862,
    -0.14579605656298916,
    -0.1452014847530988,
    -0.048225850450495614,
    -0.1489556153800357,
    -0.14823250719104855,
    -0.14986512616919118,
    -0.16798468834822894,
    -0.14942548583599305,
    -0.14830888112446955,
    -0.1479957945308396,
    -0.13027056297655853,
    -0.1487275086794692,
    -0.14423085284108916,
    -0.1526653222568153,
    -0.14935438987971625,
    -0.14261468477029482,
    -0.1510110750973024,
    -0.1628147795919152,
    -0.1507158633432367,
    -0.14738681406527818,
    -0.14329782522159443,
    -0.14893395688162225,
    -0.1363264779335103,
    -0.14543853424712805,
    -0.1379815051253742,
    -0.1516691441799281,
    -0.14710605797337883,
    -0.14323932151411692,
    -0.1503785513385073,
    -0.1539560498699583,
    -0.14837540029354698,
    -0.1394933370481611,
    -0.0558972048098024,
    -0.14574672115515097,
    -0.15120151255389186,
    -0.15475957526653258,
    -0.14532003256366274,
    -0.15220572270216243,
    -0.1521041914230704
  ],
  "test_regional": [
    -0.9275118586258517,
    -1.057329886331778,
    -0.884132884154142,
    -1.1033020117790744,
    -0.3283988028629123,
    -1.6165197773223996,
    -1.3501401626564846,
    -0.5541484889529458,
    -0.8406245180755493,
    -0.44092305937984705,
    -1.8600698029136586,
    -0.7076059393568557,
    -0.9416487865442544,
    -1.3259827894428609,
    -0.5593558078081287,
    -0.07326822696899929,
    -1.0648453815264447,
    -0.688349535656891,
    -0.3832336060071469,
    -0.10044013760914676,
    -0.18807698217251598,
    -0.5251047562972283,
    -1.3044167276154919,
    -0.17902025641475885,
    -0.6343262357601975,
    -0.3655329776388877,
    -0.2683927771744154,
    -1.0864526695846344,
    -1.3838285181902885,
    -1.1161081334828595,
    -0.15937104639661726,
    -0.3121916665192093,
    -0.7655489912784436,
    -1.8670726045419166,
    -1.3890585949736272,
    -0.45015107278014715,
    -1.3845110930445974,
    -0.5338047882971989,
    -0.30365594707727245,
    -0.5448093573240451,
    -0.2950469655614863,
    -0.6671476803660277,
    -0.4069935125121684
  ],
  "train_regional": [
    -0.044443899870048396,
    -0.0949756173286073,
    -0.10389367641361517,
    -0.10572415714218728,
    -0.10062989721826991,
    -0.08769792620222966,
    -0.039373655472160755,
    -0.10308501603692242,
    -0.1040078340587786,
    -0.1067049449643709,
    -0.11782932780965828,
    -0.1011794949524064,
    -0.10318133087534355,
    -0.096355482806339,
    -0.09976959251608929,
    -0.10452724233092058,
    -0.09844367534620353,
    -0.10457299835973623,
    -0.10365683887476694,
    -0.10018576265835927,
    -0.10452592157552602,
    -0.10853182458233332,
    -0.10289742591843741,
    -0.10307325220633357,
    -0.0985319102994428,
    -0.10221890617957576,
    -0.10249866255466364,
    -0.08748355465203808,
    -0.10245822803844827,
    -0.1049717223325153,
    -0.10277143787988247,
    -0.10415480498704525,
    -0.10386710498499266,
    -0.10495879676830476,
    -0.09410109811232362,
    -0.10225039953440991,
    -0.04717315947223904,
    -0.09904388730956303,
    -0.10412732712177575,
    -0.10663444830618858,
    -0.10051174755396124,
    -0.10483945459345669,
    -0.10472756471638363
  ]
}