{
  "structure_acronym": "CB",
  "structure_id": 512,
  "fit_time": [
    0.10929131507873535,
    0.11094903945922852,
    0.1125478744506836,
    0.11176776885986328,
    0.11043572425842285,
    0.11049079895019531,
    0.10905051231384277,
    0.10986852645874023,
    0.1026158332824707,
    0.10315275192260742,
    0.10226106643676758,
    0.1008906364440918,
    0.10304474830627441,
    0.06376838684082031,
    0.10271000862121582
  ],
  "score_time": [
    0.00023174285888671875,
    0.00022935867309570312,
    0.0002071857452392578,
    0.00022363662719726562,
    0.00022673606872558594,
    0.0002448558807373047,
    0.0002238750457763672,
    0.00028395652770996094,
    0.0001697540283203125,
    0.000152587890625,
    0.00011873245239257812,
    0.00011944770812988281,
    0.0001685619354248047,
    0.00011897087097167969,
    0.00016880035400390625
  ],
  "test_regional": [
    -0.8472516349618243,
    -0.3331361789905815,
    -0.01911984912506605,
    -0.4062221113638116,
    -0.5431172717691191,
    -0.15240940072845907,
    -0.2113981591869838,
    -0.2335181177308756,
    -0.49844981307951963,
    -0.03377110149009643,
    -0.014819062792617339,
    -0.3370042042078868,
    -0.09162019493853293,
    -0.4247561946486759,
    -0.22379256000091322
  ],
  "train_regional": [
    -0.05963561221944373,
    -0.02009495970444263,
    -0.027501532759834222,
    -0.019347561013412097,
    -0.024584565055799437,
    -0.02702348077101222,
    -0.019927962739457752,
    -0.025302184092875175,
    -0.027057817121471796,
    -0.027678550301994825,
    -0.027446830933493,
    -0.018432989609381542,
    -0.026243664728349204,
    -0.0252097383409187,
    -0.027031459585088513
  ]
}