{
  "structure_acronym": "CTXsp",
  "structure_id": 703,
  "fit_time": [
    0.06088995933532715,
    0.0610806941986084,
    0.06141543388366699,
    0.0611574649810791,
    0.06028175354003906,
    0.05976414680480957,
    0.06116437911987305,
    0.060305118560791016
  ],
  "score_time": [
    0.0002532005310058594,
    0.0002295970916748047,
    0.000225067138671875,
    0.00019049644470214844,
    0.00015664100646972656,
    0.0001862049102783203,
    0.0001857280731201172,
    0.00021147727966308594
  ],
  "test_regional": [
    -0.2378382962307041,
    -0.07696506813177009,
    -0.11427629077680296,
    -0.2879609868987588,
    -0.10030303131458375,
    -2.0,
    -1.9047875426377248,
    -0.25354063913418023
  ],
  "train_regional": [
    -0.030772838463932452,
    -0.019992828004235366,
    -0.016192957289644008,
    -0.014367044347793527,
    -0.020528221661754147,
    -0.024960803981619793,
    -0.005169423748698386,
    -0.018929816281159098
  ]
}