{
  "structure_acronym": "MB",
  "structure_id": 313,
  "fit_time": [
    2.223003625869751,
    3.0538344383239746,
    3.2458653450012207,
    3.271531581878662,
    2.8780531883239746,
    3.338848352432251,
    1.740964651107788,
    1.979966163635254,
    3.198807716369629,
    3.1089699268341064,
    3.0879743099212646,
    3.257128953933716,
    3.2979462146759033,
    3.2691211700439453,
    3.263719081878662,
    3.3063459396362305,
    3.130338668823242,
    3.051457166671753,
    3.059725284576416,
    3.287196397781372,
    3.272486925125122,
    3.2837448120117188,
    3.256788492202759,
    3.3195064067840576,
    3.0927047729492188,
    3.1325576305389404,
    3.232137441635132,
    3.2835564613342285,
    3.2982189655303955,
    3.286494493484497,
    3.2589709758758545,
    3.2799203395843506,
    3.1058311462402344,
    2.806642532348633,
    2.888853073120117,
    3.2791709899902344,
    3.22282075881958,
    3.2630789279937744,
    3.3086886405944824,
    2.9802792072296143,
    2.6566274166107178,
    2.5434954166412354,
    2.387166738510132
  ],
  "score_time": [
    0.021389484405517578,
    0.009700536727905273,
    0.005377292633056641,
    0.0061185359954833984,
    0.03339076042175293,
    0.016815900802612305,
    0.009554386138916016,
    0.024156808853149414,
    0.026491641998291016,
    0.002156496047973633,
    0.0010161399841308594,
    0.011860370635986328,
    0.002698659896850586,
    0.004480123519897461,
    0.0268552303314209,
    0.0324704647064209,
    0.03487110137939453,
    0.03543996810913086,
    0.024767398834228516,
    0.0015723705291748047,
    0.04282951354980469,
    0.0017633438110351562,
    0.028676271438598633,
    0.0059397220611572266,
    0.008831501007080078,
    0.010498762130737305,
    0.012255191802978516,
    0.0012652873992919922,
    0.009168386459350586,
    0.004776716232299805,
    0.01897144317626953,
    0.0358583927154541,
    0.04111051559448242,
    0.030359745025634766,
    0.023216962814331055,
    0.02731466293334961,
    0.004784345626831055,
    0.023993253707885742,
    0.00015926361083984375,
    0.00016832351684570312,
    0.004776716232299805,
    0.00016951560974121094,
    0.00015306472778320312
  ],
  "test_regional": [
    -0.5591684257567355,
    -0.5701889273399793,
    -0.22956718724358036,
    -0.1535401903982911,
    -0.1707785622122689,
    -0.20363904406585287,
    -0.09782365851855272,
    -1.9895025004665554,
    -0.18540487613605752,
    -0.3894757867520747,
    -0.1875310439149437,
    -0.17054147927677812,
    -0.07425646437496576,
    -0.15091541154243632,
    -0.025008200769838656,
    -0.26976441091471415,
    -0.26389505453021644,
    -0.24582826202537605,
    -0.20913245318141996,
    -0.32277543639914946,
    -0.04653784113915132,
    -0.1179701326647902,
    -0.03623847667390358,
    -0.26110427337037634,
    -1.4481878354287956,
    -1.197802396486136,
    -0.022510117540744376,
    -0.12631928258542147,
    -0.21154119921508532,
    -0.07827342229646078,
    -0.2837417845696872,
    -0.16217360140008819,
    -0.35328509284974746,
    -0.16471509034551388,
    -0.9844882705628445,
    -0.8934963363147388,
    -0.1449329500626787,
    -1.4026406593610137,
    -0.17974793462252484,
    -1.3514015268894963,
    -0.5119435924233781,
    -0.20107576051627263,
    -0.3805495292992983
  ],
  "train_regional": [
    -0.08379494097421811,
    -0.11691237539619923,
    -0.11935349274231738,
    -0.11989302528940636,
    -0.11338399647543283,
    -0.11955334454948204,
    -0.11918346489379648,
    -0.11868860548174472,
    -0.11846640321009673,
    -0.1137655614084003,
    -0.11833678449624814,
    -0.1159727429669433,
    -0.12127093329616763,
    -0.11917775371550558,
    -0.120593520927834,
    -0.11803355668285652,
    -0.11880143041365822,
    -0.11937212382902622,
    -0.1186799682846513,
    -0.11693020288994964,
    -0.12031233529421488,
    -0.11892113399001103,
    -0.12178887189928966,
    -0.11945912924747637,
    -0.12636241749777016,
    -0.11952941167794705,
    -0.12073269471029367,
    -0.11917555324308093,
    -0.11802396399188578,
    -0.121051894093657,
    -0.11858547543159181,
    -0.11851839587005132,
    -0.10288788734127073,
    -0.12010273687718366,
    -0.11719195232183201,
    -0.12086507146684704,
    -0.11987028420427276,
    -0.116449661738609,
    -0.11868591107706085,
    -0.1192592979272905,
    -0.11485045654121723,
    -0.11862830110782374,
    -0.11601386339111101
  ]
}