{
  "structure_acronym": "P",
  "structure_id": 771,
  "fit_time": [
    0.12146902084350586,
    0.12329816818237305,
    0.12124276161193848,
    0.1224815845489502,
    0.12191629409790039,
    0.12209248542785645,
    0.12520289421081543,
    0.13196969032287598,
    0.11355996131896973,
    0.11257171630859375,
    0.11256003379821777,
    0.11338686943054199,
    0.11582326889038086,
    0.11142373085021973,
    0.1160578727722168,
    0.10782217979431152
  ],
  "score_time": [
    0.00023174285888671875,
    0.00023484230041503906,
    0.00023412704467773438,
    0.00023746490478515625,
    0.00024580955505371094,
    0.0002562999725341797,
    0.00026702880859375,
    0.000217437744140625,
    0.00018739700317382812,
    0.0002105236053466797,
    0.00020051002502441406,
    0.0002002716064453125,
    0.0002033710479736328,
    0.00015115737915039062,
    0.00012040138244628906,
    0.00011706352233886719
  ],
  "test_regional": [
    -0.2150353852705824,
    -0.11313818889191805,
    -1.9409521134168841,
    -0.028344292265724012,
    -0.058281256210005,
    -1.1655648742181144,
    -1.5752237819263306,
    -0.08561621692912955,
    -0.6498724556812515,
    -0.8678037259997474,
    -0.03924379627591075,
    -0.04367864548703456,
    -1.4220979452701725,
    -0.4337708707113984,
    -0.03597424842090966,
    -0.673233527901071
  ],
  "train_regional": [
    -0.12179845261133362,
    -0.12999260082263175,
    -0.11930960906870908,
    -0.12686086771147298,
    -0.12034622692297996,
    -0.12503725923588277,
    -0.05619407185602865,
    -0.12568594025274252,
    -0.07557245567922238,
    -0.12035260579752027,
    -0.11970573401875174,
    -0.12352929492488167,
    -0.12747542188300406,
    -0.11314297214301167,
    -0.13337255025573896,
    -0.09053219973231472
  ]
}